"VESSEL ID","RELATIONSHIP TYPE","CURRENT IND","COMPANY ID","COMPANY NAME","START DATE","START QUALIFIER","END DATE","END QUALIFIER","RECORD LAST UPDATED"
12574766,"TM","Y",433480,"TMS Cardiff Gas Limited","10/01/2018","B","","","20/02/2018"
12266407,"TM","Y",389063,"Ruico (Guangdong) Shipping & Logistics Company Limited","27/05/2015","A","","","21/02/2018"
10698111,"RO","Y",212646,"Unknown Owners","14/12/2010","B","","","21/02/2018"
10698111,"BO","Y",212646,"Unknown Owners","14/12/2010","B","","","21/02/2018"
10698111,"CO","Y",212646,"Unknown Owners","14/12/2010","B","","","21/02/2018"
10698111,"TM","Y",212646,"Unknown Owners","14/12/2010","B","","","21/02/2018"
308535,"BO","",500578,"Turkiye Vakiflar Bankasi Turk Anonim Ortakligi (T.A.O.) (VakifBank)","01/01/2001","","12/10/2016","B","22/02/2018"
308535,"CO","",103991,"Nemtas Nemrut Liman Isletmeleri A.S.","01/01/2001","","12/10/2016","B","22/02/2018"
246315,"BO","",4590,"Hsu family group","13/08/1999","","02/03/2002","","21/02/2018"
285758,"BO","",500578,"Turkiye Vakiflar Bankasi Turk Anonim Ortakligi (T.A.O.) (VakifBank)","02/09/2005","","01/05/2007","B","22/02/2018"
285758,"BO","",500578,"Turkiye Vakiflar Bankasi Turk Anonim Ortakligi (T.A.O.) (VakifBank)","02/05/2007","B","30/11/2016","B","22/02/2018"
285758,"CO","",103991,"Nemtas Nemrut Liman Isletmeleri A.S.","02/05/2007","B","30/11/2016","B","22/02/2018"
285758,"TM","",103991,"Nemtas Nemrut Liman Isletmeleri A.S.","02/05/2007","B","30/11/2016","B","22/02/2018"
12548941,"RO","Y",497863,"Spires Marine Limited","05/02/2018","A","","","21/02/2018"
12548941,"RO","",3179,"Thenamaris Ships Management Incorporated","30/07/2015","B","04/02/2018","B","21/02/2018"
12548941,"TM","Y",477168,"Thenamaris LNG Incorporated","05/02/2018","A","","","21/02/2018"
12548941,"BO","Y",484480,"Constantinos Martinos Family","05/02/2018","A","","","21/02/2018"
12548941,"CO","Y",3179,"Thenamaris Ships Management Incorporated","05/02/2018","A","","","21/02/2018"
12548941,"BO","",484480,"Constantinos Martinos Family","30/07/2015","B","04/02/2018","B","21/02/2018"
12548941,"CO","",3179,"Thenamaris Ships Management Incorporated","30/07/2015","B","04/02/2018","B","21/02/2018"
12548941,"TM","",3179,"Thenamaris Ships Management Incorporated","30/07/2015","B","04/02/2018","B","21/02/2018"
365804,"TM","Y",210401,"Guangxi Wuzhou Tongzhou Shipping Transportation Company Limited","12/01/2011","A","","","22/02/2018"
371114,"TM","Y",210401,"Guangxi Wuzhou Tongzhou Shipping Transportation Company Limited","01/03/2015","A","","","22/02/2018"
377957,"RO","Y",500575,"Tinos Marine Incorporated","20/02/2018","B","","","21/02/2018"
377957,"RO","",240295,"Syros I Maritime Incorporated","21/04/2008","A","19/02/2018","B","21/02/2018"
8462125,"BO","Y",472397,"Epic Gas Limited","02/02/2018","","","","20/02/2018"
8462125,"CO","Y",231719,"Epic Shipping (Singapore) Private Limited","02/02/2018","","","","20/02/2018"
8462124,"BO","Y",472397,"Epic Gas Limited","02/02/2018","","","","20/02/2018"
8462124,"CO","Y",231719,"Epic Shipping (Singapore) Private Limited","02/02/2018","","","","20/02/2018"
8462124,"BO","",253969,"ICON Investments Corporation","04/04/2014","","01/02/2018","","20/02/2018"
8462124,"CO","",253969,"ICON Investments Corporation","04/04/2014","","01/02/2018","","20/02/2018"
8462125,"RO","Y",500525,"MYF Islands Limited","02/02/2018","","","","20/02/2018"
8462125,"RO","",231719,"Epic Shipping (Singapore) Private Limited","23/07/2014","B","01/02/2018","B","20/02/2018"
10222706,"TM","Y",219244,"Atlantic Schepen Exploitatie Maatschappij B.V.","31/12/2016","B","","","20/02/2018"
371115,"TM","Y",210401,"Guangxi Wuzhou Tongzhou Shipping Transportation Company Limited","01/03/2015","A","","","22/02/2018"
11026682,"TM","Y",192541,"Dongguan Fenghai Ocean Shipping Company Limited","11/05/2012","A","","","22/02/2018"
284965,"BO","",4590,"Hsu family group","01/01/2005","A","11/02/2007","B","21/02/2018"
12909852,"RO","",265651,"PT Atosim Lampung Pelayaran","31/12/2007","B","20/02/2018","","20/02/2018"
349392,"BO","Y",4590,"Hsu family group","22/11/2004","A","","","21/02/2018"
349392,"CO","Y",15242,"Sincere Navigation Corporation","22/11/2004","A","","","21/02/2018"
350409,"BO","Y",4590,"Hsu family group","05/10/2005","","","","21/02/2018"
350409,"CO","Y",15242,"Sincere Navigation Corporation","05/10/2005","","","","21/02/2018"
350409,"BO","",4590,"Hsu family group","08/07/2005","A","04/10/2005","","21/02/2018"
366013,"BO","Y",286437,"BW Group Limited","25/01/2017","B","","","20/02/2018"
366013,"CO","Y",374143,"BW LPG Private Limited","25/01/2017","B","","","20/02/2018"
11069911,"TM","Y",192541,"Dongguan Fenghai Ocean Shipping Company Limited","07/03/2012","A","","","22/02/2018"
12256761,"TM","Y",123309,"COSCO Shipping Tanker (Shanghai) Company Limited","29/11/2016","A","","","22/02/2018"
12522157,"TM","Y",36046,"COSCO Shipping Tanker (Dalian) Company Limited","06/12/2017","B","","","22/02/2018"
279918,"RO","",176321,"Bangladesh Breakers","04/01/2018","B","12/01/2018","","21/02/2018"
279918,"TM","",13832,"The Shipping Corporation of India Limited","07/10/2004","A","12/01/2018","","21/02/2018"
279918,"BO","",176321,"Bangladesh Breakers","04/01/2018","B","12/01/2018","","21/02/2018"
279918,"CO","",176321,"Bangladesh Breakers","04/01/2018","B","12/01/2018","","21/02/2018"
374766,"RO","Y",212646,"Unknown Owners","20/02/2018","B","","","20/02/2018"
374766,"RO","",34348,"Moon Rise Shipping Company S.A.","20/10/2008","","19/02/2018","B","20/02/2018"
374766,"TP","",253631,"Clipper Bulk A/S","02/10/2005","A","19/02/2018","B","20/02/2018"
374766,"BO","Y",212646,"Unknown Owners","20/02/2018","B","","","20/02/2018"
374766,"CO","Y",212646,"Unknown Owners","20/02/2018","B","","","20/02/2018"
374766,"BO","",10865,"Nagashiki Kisen Company Limited","20/10/2008","","19/02/2018","B","20/02/2018"
374766,"CO","",10865,"Nagashiki Kisen Company Limited","20/10/2008","","19/02/2018","B","20/02/2018"
375035,"RO","Y",500520,"Waymed Navigation Company","15/02/2018","B","","","20/02/2018"
375035,"TM","Y",1349,"Atlantis Management Incorporated","15/02/2018","","","","20/02/2018"
375035,"TM","",5190,"First Marine Service Company Limited","29/01/2008","B","14/02/2018","","20/02/2018"
375035,"BO","Y",1349,"Atlantis Management Incorporated","15/02/2018","B","","","20/02/2018"
375035,"CO","Y",1349,"Atlantis Management Incorporated","15/02/2018","B","","","20/02/2018"
6761103,"RO","Y",256783,"P.T. Pelita Samudera Shipping","24/08/2017","B","","","20/02/2018"
6761103,"RO","",80716,"P.U. Vision Private Limited","30/04/2008","A","23/08/2017","B","20/02/2018"
6761103,"BO","Y",7227,"IMC Shipping Company Private Limited","24/08/2017","B","","","20/02/2018"
6761103,"CO","Y",256783,"P.T. Pelita Samudera Shipping","24/08/2017","B","","","20/02/2018"
6761103,"BO","",12411,"Pan-United Corporation Limited","30/04/2008","A","23/08/2017","B","20/02/2018"
6761103,"CO","",226300,"Pan-United Shipping Private Limited","30/04/2008","A","23/08/2017","B","20/02/2018"
12909852,"BO","",265651,"PT Atosim Lampung Pelayaran","01/01/2008","B","20/02/2018","","20/02/2018"
12909852,"CO","",265651,"PT Atosim Lampung Pelayaran","01/01/2008","B","20/02/2018","","20/02/2018"
12909852,"TM","",265651,"PT Atosim Lampung Pelayaran","01/01/2008","B","20/02/2018","","20/02/2018"
12152077,"CO","Y",468407,"Eletson Gas Maritime Limited","24/01/2016","B","","","21/02/2018"
10605367,"BO","Y",4590,"Hsu family group","17/06/2011","A","","","21/02/2018"
10605367,"CO","Y",15242,"Sincere Navigation Corporation","17/06/2011","A","","","21/02/2018"
10688333,"BO","Y",4590,"Hsu family group","10/01/2012","A","","","21/02/2018"
10688333,"CO","Y",15242,"Sincere Navigation Corporation","10/01/2012","A","","","21/02/2018"
12152070,"BO","Y",6579,"Eletson Corporation","01/10/2015","A","","","21/02/2018"
12152070,"CO","Y",468407,"Eletson Gas Maritime Limited","01/10/2015","A","","","21/02/2018"
12152077,"RO","Y",500555,"Kithnos Special Maritime Enterprises ENE","24/01/2016","B","","","21/02/2018"
12152077,"BO","Y",6579,"Eletson Corporation","01/02/2016","","","","21/02/2018"
268792,"TM","Y",474382,"Laugfs Maritime Services Private Limited","12/09/2014","A","","","21/02/2018"
12235558,"TM","Y",231095,"Sinotrans Ship Management Limited","06/01/2018","B","","","21/02/2018"
12568485,"BO","Y",5050,"Evalend Shipping Company S.A.","08/02/2018","A","","","21/02/2018"
12568485,"CO","Y",261353,"Evalend Shipping Tankers Company S.A.","08/02/2018","A","","","21/02/2018"
12568485,"BO","",5050,"Evalend Shipping Company S.A.","01/09/2015","B","07/02/2018","B","21/02/2018"
12568485,"CO","",5050,"Evalend Shipping Company S.A.","01/09/2015","B","07/02/2018","B","21/02/2018"
12568485,"TM","",5050,"Evalend Shipping Company S.A.","01/09/2015","B","07/02/2018","B","21/02/2018"
12578012,"RO","Y",500552,"Nautilus Gas Tankers Incorporated","06/06/2017","A","","","21/02/2018"
12578012,"TM","Y",203795,"Northern Marine Management USA LLC.","06/06/2017","A","","","21/02/2018"
12578012,"BO","Y",275138,"Tomza Group","06/06/2017","A","","","21/02/2018"
12578012,"CO","Y",275138,"Tomza Group","06/06/2017","A","","","21/02/2018"
272991,"BO","",4590,"Hsu family group","01/05/1996","B","09/09/1997","","21/02/2018"
4236247,"RO","Y",500549,"Diamantina Transportation Corporation","02/01/2018","","","","21/02/2018"
4236247,"RO","",283015,"Diamantina Transportation Special Maritime Enterprise","24/03/2010","B","01/01/2018","B","21/02/2018"
4236247,"BO","Y",9335,"Lykiardopulo & Company Limited","02/01/2018","","","","21/02/2018"
4236247,"CO","Y",9335,"Lykiardopulo & Company Limited","02/01/2018","","","","21/02/2018"
4236247,"BO","",9335,"Lykiardopulo & Company Limited","24/03/2010","B","01/01/2018","B","21/02/2018"
4236247,"CO","",9335,"Lykiardopulo & Company Limited","24/03/2010","B","01/01/2018","B","21/02/2018"
12821223,"RO","Y",263279,"P.T. AKR Corporindo TBK","24/08/2017","B","","","22/02/2018"
12821223,"BO","Y",263279,"P.T. AKR Corporindo TBK","24/08/2017","B","","","22/02/2018"
12821223,"CO","Y",263279,"P.T. AKR Corporindo TBK","24/08/2017","B","","","22/02/2018"
12821223,"TM","Y",263279,"P.T. AKR Corporindo TBK","24/08/2017","B","","","22/02/2018"
251716,"BO","",4590,"Hsu family group","01/01/1993","A","31/03/2001","","21/02/2018"
251716,"BO","",4590,"Hsu family group","01/04/2001","A","01/01/2004","","21/02/2018"
253376,"BO","",4590,"Hsu family group","01/01/1994","A","27/07/2009","B","21/02/2018"
8462125,"BO","",472397,"Epic Gas Limited","23/07/2014","B","01/02/2018","B","20/02/2018"
8462125,"CO","",231719,"Epic Shipping (Singapore) Private Limited","23/07/2014","B","01/02/2018","B","20/02/2018"
256606,"BO","",4590,"Hsu family group","01/01/1994","A","28/02/2001","A","21/02/2018"
256606,"BO","",4590,"Hsu family group","01/03/2001","","22/08/2005","","21/02/2018"
256606,"CO","",15242,"Sincere Navigation Corporation","01/03/2001","","22/08/2005","","21/02/2018"
256606,"TM","",15242,"Sincere Navigation Corporation","01/03/2001","","22/08/2005","","21/02/2018"
272990,"BO","",4590,"Hsu family group","15/02/1996","A","09/09/1997","","21/02/2018"
6761103,"TM","Y",256783,"P.T. Pelita Samudera Shipping","24/08/2017","B","","","20/02/2018"
6761103,"TM","",226300,"Pan-United Shipping Private Limited","30/04/2008","A","23/08/2017","B","20/02/2018"
10042836,"RO","Y",256783,"P.T. Pelita Samudera Shipping","24/08/2017","B","","","20/02/2018"
10042836,"RO","",80716,"P.U. Vision Private Limited","07/07/2009","","23/08/2017","B","20/02/2018"
10042836,"BO","Y",7227,"IMC Shipping Company Private Limited","24/08/2017","B","","","20/02/2018"
10042836,"CO","Y",256783,"P.T. Pelita Samudera Shipping","24/08/2017","B","","","20/02/2018"
10042836,"BO","",12411,"Pan-United Corporation Limited","07/07/2009","","23/08/2017","B","20/02/2018"
10042836,"CO","",226300,"Pan-United Shipping Private Limited","07/07/2009","","23/08/2017","B","20/02/2018"
10042836,"TM","Y",256783,"P.T. Pelita Samudera Shipping","24/08/2017","B","","","20/02/2018"
10042836,"TM","",226300,"Pan-United Shipping Private Limited","07/07/2009","","23/08/2017","B","20/02/2018"
12152070,"RO","Y",1246,"Astipalea Shipping Corporation ENE","01/10/2015","A","","","21/02/2018"
10999772,"BO","Y",4590,"Hsu family group","13/05/2011","B","","","21/02/2018"
10999772,"CO","Y",15242,"Sincere Navigation Corporation","13/05/2011","B","","","21/02/2018"
11006395,"BO","Y",4590,"Hsu family group","29/03/2012","B","","","21/02/2018"
11185848,"BO","Y",4590,"Hsu family group","01/01/2013","","","","21/02/2018"
11185848,"CO","Y",15242,"Sincere Navigation Corporation","01/01/2013","","","","21/02/2018"
11185848,"TM","Y",15242,"Sincere Navigation Corporation","01/01/2013","","","","21/02/2018"
11185904,"BO","Y",4590,"Hsu family group","01/01/2013","","","","21/02/2018"
11185904,"CO","Y",15242,"Sincere Navigation Corporation","01/01/2013","","","","21/02/2018"
11185904,"TM","Y",15242,"Sincere Navigation Corporation","01/01/2013","","","","21/02/2018"
12152070,"TM","Y",6579,"Eletson Corporation","01/10/2015","A","","","21/02/2018"
9456082,"RO","Y",500561,"Anonymos Elliniki Eteria Petreleoidon Argo","26/01/2009","B","","","21/02/2018"
9456082,"BO","Y",212646,"Unknown Owners","01/02/2015","","","","21/02/2018"
9456082,"CO","Y",212646,"Unknown Owners","01/02/2015","","","","21/02/2018"
9456082,"TM","Y",212646,"Unknown Owners","01/02/2015","","","","21/02/2018"
411921,"RO","Y",500574,"Arsland Derg Limited","17/01/2018","","","","21/02/2018"
216356,"RO","",212646,"Unknown Owners","16/05/2017","B","17/12/2017","B","21/02/2018"
216356,"TM","Y",50836,"P.T. Dharma Lautan Utama","18/12/2017","B","","","21/02/2018"
216356,"TM","",11336,"Prince Kaiun Company Limited","27/03/2006","A","17/12/2017","B","21/02/2018"
216356,"BO","Y",50836,"P.T. Dharma Lautan Utama","18/12/2017","B","","","21/02/2018"
216356,"CO","Y",50836,"P.T. Dharma Lautan Utama","18/12/2017","B","","","21/02/2018"
216356,"BO","",212646,"Unknown Owners","16/05/2017","B","17/12/2017","B","21/02/2018"
216356,"CO","",212646,"Unknown Owners","16/05/2017","B","17/12/2017","B","21/02/2018"
10062050,"RO","Y",256783,"P.T. Pelita Samudera Shipping","24/08/2017","B","","","20/02/2018"
10062050,"RO","",80716,"P.U. Vision Private Limited","02/08/2009","","23/08/2017","B","20/02/2018"
10062050,"BO","Y",7227,"IMC Shipping Company Private Limited","24/08/2017","B","","","20/02/2018"
10062050,"CO","Y",256783,"P.T. Pelita Samudera Shipping","24/08/2017","B","","","20/02/2018"
10062050,"BO","",12411,"Pan-United Corporation Limited","02/08/2009","","23/08/2017","B","20/02/2018"
10062050,"CO","",226300,"Pan-United Shipping Private Limited","02/08/2009","","23/08/2017","B","20/02/2018"
10062050,"TM","Y",256783,"P.T. Pelita Samudera Shipping","24/08/2017","B","","","20/02/2018"
10062050,"TM","",226300,"Pan-United Shipping Private Limited","02/08/2009","","23/08/2017","B","20/02/2018"
12827980,"BO","",212646,"Unknown Owners","01/01/2017","B","07/11/2017","B","20/02/2018"
11006508,"TM","Y",100662,"Heng Tong Fuels & Shipping Private Limited","08/08/2012","B","","","22/02/2018"
11127273,"TP","Y",286295,"United Maritime Australia Proprietary Limited","26/12/2017","B","","","22/02/2018"
12236390,"BO","Y",4590,"Hsu family group","10/03/2017","B","","","21/02/2018"
12236390,"BO","",4590,"Hsu family group","01/01/2013","B","09/03/2017","","21/02/2018"
12244468,"BO","Y",4590,"Hsu family group","07/01/2016","A","","","21/02/2018"
12427581,"BO","Y",4590,"Hsu family group","10/02/2015","B","","","21/02/2018"
12427581,"CO","Y",15242,"Sincere Navigation Corporation","10/02/2015","B","","","21/02/2018"
12568485,"RO","Y",500554,"Miura Shipping S.A.","08/02/2018","A","","","21/02/2018"
12568485,"RO","",5050,"Evalend Shipping Company S.A.","01/09/2015","B","07/02/2018","B","21/02/2018"
12568485,"TM","Y",247898,"Bernhard Schulte Shipmanagement (Hellas) SPLL C.","08/02/2018","A","","","21/02/2018"
12827980,"CO","",212646,"Unknown Owners","25/10/2014","B","07/11/2017","B","20/02/2018"
12827980,"TM","Y",255856,"L-Shipping Limited","08/11/2017","B","","","20/02/2018"
12869873,"RO","",212646,"Unknown Owners","16/10/2017","B","20/02/2018","","20/02/2018"
12869873,"BO","",212646,"Unknown Owners","16/10/2017","B","20/02/2018","","20/02/2018"
12869873,"CO","",212646,"Unknown Owners","16/10/2017","B","20/02/2018","","20/02/2018"
12869873,"TM","",212646,"Unknown Owners","16/10/2017","B","20/02/2018","","20/02/2018"
113116,"RO","Y",500530,"Rose M Shipping Incorporated","16/02/2018","","","","20/02/2018"
113116,"RO","",356823,"Aegean Rose Maritime Company","16/05/2012","B","15/02/2018","","20/02/2018"
113116,"BO","Y",212646,"Unknown Owners","16/02/2018","","","","20/02/2018"
113116,"CO","Y",212646,"Unknown Owners","16/02/2018","","","","20/02/2018"
113116,"BO","",47231,"Aegean Marine Petroleum S.A.","16/05/2012","B","15/02/2018","","20/02/2018"
113116,"CO","",261559,"Aegean Management Services M.C.","16/05/2012","B","15/02/2018","","20/02/2018"
224550,"BO","",4590,"Hsu family group","01/01/1990","","30/09/1996","","21/02/2018"
215352,"RO","",68352,"Methal Maritime Company","01/01/1990","A","14/02/2018","B","21/02/2018"
215352,"RO","",176367,"Turkish Breakers","15/02/2018","B","19/02/2018","","21/02/2018"
215352,"BO","",68353,"Michael Spanos","01/01/1990","A","14/02/2018","B","21/02/2018"
215352,"CO","",68353,"Michael Spanos","01/01/1990","A","14/02/2018","B","21/02/2018"
215352,"BO","",176367,"Turkish Breakers","15/02/2018","B","19/02/2018","","21/02/2018"
215352,"CO","",176367,"Turkish Breakers","15/02/2018","B","19/02/2018","","21/02/2018"
215352,"TM","",68353,"Michael Spanos","01/01/1990","A","14/02/2018","B","21/02/2018"
215352,"TM","",176367,"Turkish Breakers","15/02/2018","B","19/02/2018","","21/02/2018"
114562,"BO","",500578,"Turkiye Vakiflar Bankasi Turk Anonim Ortakligi (T.A.O.) (VakifBank)","21/02/2005","B","12/02/2009","B","22/02/2018"
114562,"CO","",103991,"Nemtas Nemrut Liman Isletmeleri A.S.","21/02/2005","B","12/02/2009","B","22/02/2018"
114562,"TM","",103991,"Nemtas Nemrut Liman Isletmeleri A.S.","21/02/2005","B","12/02/2009","B","22/02/2018"
427002,"BO","",4590,"Hsu family group","10/01/2011","","31/07/2013","B","21/02/2018"
574964,"RO","Y",243319,"Amphicleia Shipping Incorporated","01/09/2015","A","","","21/02/2018"
574964,"RO","",468092,"Serenea Special Maritime Enterprise (ENE)","21/10/2013","B","31/08/2015","B","21/02/2018"
574964,"BO","Y",28728,"Chandris Hellas Group","01/09/2015","A","","","21/02/2018"
574964,"CO","Y",2927,"Chandris (Hellas) Incorporated","01/09/2015","A","","","21/02/2018"
574964,"BO","",28728,"Chandris Hellas Group","21/10/2013","B","31/08/2015","B","21/02/2018"
574964,"CO","",2927,"Chandris (Hellas) Incorporated","21/10/2013","B","31/08/2015","B","21/02/2018"
755527,"RO","Y",263403,"Four Handy Limited","24/10/2009","B","","","20/02/2018"
755527,"TM","Y",13113,"Premuda S.p.A.","11/01/2018","","","","20/02/2018"
755527,"TM","",30766,"V. Ships (UK) Limited","24/10/2009","B","10/01/2018","","20/02/2018"
755527,"BO","Y",496388,"Pillarstone Europe","06/04/2017","B","","","20/02/2018"
755527,"BO","",13113,"Premuda S.p.A.","24/10/2009","B","05/04/2017","B","20/02/2018"
755527,"CO","Y",13113,"Premuda S.p.A.","24/10/2009","B","","","20/02/2018"
3668151,"RO","Y",263403,"Four Handy Limited","12/10/2011","A","","","20/02/2018"
3668151,"BO","Y",496388,"Pillarstone Europe","06/04/2017","B","","","20/02/2018"
140215,"BO","",500578,"Turkiye Vakiflar Bankasi Turk Anonim Ortakligi (T.A.O.) (VakifBank)","19/07/2001","B","22/11/2010","B","22/02/2018"
140215,"CO","",103991,"Nemtas Nemrut Liman Isletmeleri A.S.","19/07/2001","B","22/11/2010","B","22/02/2018"
140215,"TM","",103991,"Nemtas Nemrut Liman Isletmeleri A.S.","19/07/2001","B","22/11/2010","B","22/02/2018"
303338,"TM","Y",175998,"China Oilfield Services Limited (COSL)","30/12/2005","A","","","22/02/2018"
299153,"TM","Y",175998,"China Oilfield Services Limited (COSL)","30/12/2005","A","","","22/02/2018"
377957,"BO","Y",47231,"Aegean Marine Petroleum S.A.","20/02/2018","B","","","21/02/2018"
377957,"CO","Y",232254,"Aegean Bunkering Services Incorporated","20/02/2018","B","","","21/02/2018"
377957,"BO","",47231,"Aegean Marine Petroleum S.A.","21/04/2008","A","19/02/2018","B","21/02/2018"
377957,"CO","",232254,"Aegean Bunkering Services Incorporated","21/04/2008","A","19/02/2018","B","21/02/2018"
212766,"BO","",4590,"Hsu family group","01/01/1989","A","22/04/2008","B","21/02/2018"
165344,"BO","",4590,"Hsu family group","01/01/1989","A","23/03/1995","B","21/02/2018"
234654,"BO","",4590,"Hsu family group","22/08/1999","","08/08/2002","","21/02/2018"
234654,"BO","",4590,"Hsu family group","04/10/1991","","25/07/1999","","21/02/2018"
390564,"RO","Y",243317,"Antiopi Shipping Incorporated","07/07/2015","B","","","21/02/2018"
390564,"RO","",243317,"Antiopi Shipping Incorporated","26/07/2009","B","26/07/2009","B","21/02/2018"
390564,"RO","",467881,"Amorea Special Maritime Enterprise (ENE)","27/07/2009","B","06/07/2015","B","21/02/2018"
390564,"TM","Y",2927,"Chandris (Hellas) Incorporated","27/07/2009","B","","","21/02/2018"
390564,"BO","Y",28728,"Chandris Hellas Group","07/07/2015","B","","","21/02/2018"
390564,"CO","Y",2927,"Chandris (Hellas) Incorporated","07/07/2015","B","","","21/02/2018"
390564,"BO","",28728,"Chandris Hellas Group","26/07/2009","B","26/07/2009","B","21/02/2018"
390564,"CO","",2927,"Chandris (Hellas) Incorporated","26/07/2009","B","26/07/2009","B","21/02/2018"
390564,"BO","",28728,"Chandris Hellas Group","27/07/2009","B","06/07/2015","B","21/02/2018"
390564,"CO","",2927,"Chandris (Hellas) Incorporated","27/07/2009","B","06/07/2015","B","21/02/2018"
390564,"TM","",2927,"Chandris (Hellas) Incorporated","26/07/2009","B","26/07/2009","B","21/02/2018"
390566,"RO","Y",243236,"Atalanti Shipping Incorporated","29/05/2015","B","","","21/02/2018"
390566,"RO","",243236,"Atalanti Shipping Incorporated","11/03/2009","B","10/09/2011","B","21/02/2018"
390566,"RO","",467742,"Aegea Special Maritime Enterprise (ENE)","11/09/2011","B","28/05/2015","B","21/02/2018"
247442,"TM","Y",500562,"Petek Endustriyel Malzemeler","15/03/2017","B","","","21/02/2018"
217304,"RO","",176375,"Unknown Breakers","02/11/2015","B","31/12/2016","B","20/02/2018"
1560,"RO","Y",500588,"Elmeka Shipping Company","01/01/2013","B","","","22/02/2018"
1560,"RO","",28299,"Elmeca Maritime Company","01/01/1989","A","31/12/2012","B","22/02/2018"
1560,"BO","Y",460362,"Meroula Shipping Company Naftiki Eferia","01/01/2013","B","","","22/02/2018"
1560,"CO","Y",460362,"Meroula Shipping Company Naftiki Eferia","01/01/2013","B","","","22/02/2018"
1560,"BO","",28299,"Elmeca Maritime Company","05/09/1990","","30/12/1990","","22/02/2018"
1560,"BO","",68353,"Michael Spanos","31/12/1990","B","31/12/2012","B","22/02/2018"
1560,"CO","",28299,"Elmeca Maritime Company","05/09/1990","","30/12/1990","","22/02/2018"
1560,"CO","",68353,"Michael Spanos","31/12/1990","B","31/12/2012","B","22/02/2018"
1560,"TM","Y",460362,"Meroula Shipping Company Naftiki Eferia","01/01/2013","B","","","22/02/2018"
1560,"TM","",28299,"Elmeca Maritime Company","05/09/1990","","30/12/1990","","22/02/2018"
1560,"TM","",68353,"Michael Spanos","31/12/1990","B","31/12/2012","B","22/02/2018"
217304,"BO","",176375,"Unknown Breakers","02/11/2015","B","31/12/2016","B","20/02/2018"
217304,"CO","",176375,"Unknown Breakers","02/11/2015","B","31/12/2016","B","20/02/2018"
217304,"TM","",176375,"Unknown Breakers","02/11/2015","B","31/12/2016","B","20/02/2018"
275857,"TM","Y",440911,"Victoria Shipping Limited","16/02/2018","B","","","21/02/2018"
275857,"TM","",291628,"Sadent Shipping Ltd","03/03/2016","A","15/02/2018","B","21/02/2018"
366766,"TM","Y",79080,"Raffles Shipmanagement Services Private Limited","21/02/2018","B","","","21/02/2018"
173274,"BO","",500578,"Turkiye Vakiflar Bankasi Turk Anonim Ortakligi (T.A.O.) (VakifBank)","21/04/2004","","05/01/2005","","22/02/2018"
173274,"CO","",103991,"Nemtas Nemrut Liman Isletmeleri A.S.","21/04/2004","","05/01/2005","","22/02/2018"
366188,"TM","Y",45557,"Chimbusco Pan Nation Shipping Company Limited","28/01/2005","A","","","22/02/2018"
177463,"RO","",176339,"Indian Breakers","29/09/2015","B","21/07/2017","T","21/02/2018"
332592,"RO","Y",209585,"Evia Petrol Maritime Company","06/12/2004","A","","","22/02/2018"
35507,"RO","Y",500559,"Ionian Sea - Greece Shipping Company","14/08/2014","","","","21/02/2018"
35507,"RO","",69768,"Ionion Pelagos (Hellas) Shipping Company","02/08/2013","B","13/08/2014","","21/02/2018"
35507,"BO","Y",500559,"Ionian Sea - Greece Shipping Company","14/08/2014","","","","21/02/2018"
35507,"CO","Y",500559,"Ionian Sea - Greece Shipping Company","14/08/2014","","","","21/02/2018"
35507,"BO","",49452,"G.A. Ferries S.A.","02/08/2013","B","13/08/2014","","21/02/2018"
35507,"CO","",49452,"G.A. Ferries S.A.","02/08/2013","B","13/08/2014","","21/02/2018"
35507,"TM","Y",500559,"Ionian Sea - Greece Shipping Company","14/08/2014","","","","21/02/2018"
35507,"TM","",49452,"G.A. Ferries S.A.","02/08/2013","B","13/08/2014","","21/02/2018"
55060,"RO","Y",500564,"BL Tanker Maritime Company","01/10/2006","A","","","21/02/2018"
55060,"BO","Y",231890,"BL Tankers Shipping Company","01/02/2013","","","","21/02/2018"
55060,"CO","Y",231890,"BL Tankers Shipping Company","01/02/2013","","","","21/02/2018"
343504,"RO","",171103,"Nikolaos Moraitis & Evagelos Giakos","01/01/2001","B","31/05/2011","B","22/02/2018"
317596,"BO","",500578,"Turkiye Vakiflar Bankasi Turk Anonim Ortakligi (T.A.O.) (VakifBank)","21/02/2008","B","17/05/2017","B","22/02/2018"
317596,"CO","",103991,"Nemtas Nemrut Liman Isletmeleri A.S.","21/02/2008","B","17/05/2017","B","22/02/2018"
343504,"RO","Y",106243,"Alexandros Boufis","01/06/2017","B","","","22/02/2018"
343504,"RO","",212646,"Unknown Owners","01/01/1984","A","31/12/2000","B","22/02/2018"
55060,"TM","Y",231890,"BL Tankers Shipping Company","01/02/2013","","","","21/02/2018"
1181879,"RO","Y",497103,"Hanri Limited","02/02/2018","","","","20/02/2018"
1181879,"RO","",427264,"New Yangtze Navigation (Hong Kong) Company Limited","02/01/2013","B","01/02/2018","","20/02/2018"
1181879,"BO","Y",484917,"New Yangtze Navigation (Holding) Private Limited","02/02/2018","","","","20/02/2018"
1181879,"CO","Y",427264,"New Yangtze Navigation (Hong Kong) Company Limited","02/02/2018","","","","20/02/2018"
1181879,"BO","",484917,"New Yangtze Navigation (Holding) Private Limited","02/01/2013","B","01/02/2018","","20/02/2018"
1181879,"CO","",427264,"New Yangtze Navigation (Hong Kong) Company Limited","02/01/2013","B","01/02/2018","","20/02/2018"
1181879,"TM","Y",427264,"New Yangtze Navigation (Hong Kong) Company Limited","02/02/2018","","","","20/02/2018"
1181879,"TM","",427264,"New Yangtze Navigation (Hong Kong) Company Limited","02/01/2013","B","01/02/2018","","20/02/2018"
8462124,"RO","Y",500525,"MYF Islands Limited","02/02/2018","","","","20/02/2018"
8462124,"RO","",471934,"Icon Siva Coral LLC","04/04/2014","","01/02/2018","","20/02/2018"
1753246,"BO","Y",212646,"Unknown Owners","01/02/2013","","","","21/02/2018"
1753246,"CO","Y",212646,"Unknown Owners","01/02/2013","","","","21/02/2018"
1753246,"BO","",171103,"Nikolaos Moraitis & Evagelos Giakos","01/01/2001","A","01/01/2011","Y","21/02/2018"
1753246,"RO","Y",500572,"Morgia Vanilia Naftiki Eteria","02/01/2011","","","","21/02/2018"
1753246,"CO","",171103,"Nikolaos Moraitis & Evagelos Giakos","01/01/2001","A","01/01/2011","Y","21/02/2018"
1753246,"TM","Y",212646,"Unknown Owners","01/02/2013","","","","21/02/2018"
1753246,"TM","",171103,"Nikolaos Moraitis & Evagelos Giakos","01/01/2001","A","01/01/2011","Y","21/02/2018"
1753246,"RO","",171103,"Nikolaos Moraitis & Evagelos Giakos","01/03/1990","A","01/01/2011","Y","21/02/2018"
9057204,"RO","Y",500565,"Minnehaha Shipping Company Limited","06/02/2018","B","","","21/02/2018"
9057204,"RO","",474458,"CVI Minnehaha LLC","25/09/2014","B","05/02/2018","B","21/02/2018"
9057204,"TM","Y",242499,"C Transport Maritime SAM","06/02/2018","B","","","21/02/2018"
9057204,"TM","",80573,"Teekay Shipping (Australia) Proprietary Limited","05/08/2015","B","05/02/2018","B","21/02/2018"
9057204,"BO","Y",212646,"Unknown Owners","06/02/2018","B","","","21/02/2018"
9057204,"CO","Y",212646,"Unknown Owners","06/02/2018","B","","","21/02/2018"
12482943,"TM","Y",477963,"Brightoil Shipmanagement Private Limited","22/02/2018","B","","","22/02/2018"
343504,"RO","",93254,"Government of Greece","01/06/2011","B","31/05/2017","B","22/02/2018"
343504,"BO","Y",106243,"Alexandros Boufis","01/06/2017","B","","","22/02/2018"
343504,"CO","Y",106243,"Alexandros Boufis","01/06/2017","B","","","22/02/2018"
343504,"BO","",171103,"Nikolaos Moraitis & Evagelos Giakos","01/01/2001","B","31/05/2011","B","22/02/2018"
343504,"CO","",171103,"Nikolaos Moraitis & Evagelos Giakos","01/01/2001","B","31/05/2011","B","22/02/2018"
343504,"BO","",212646,"Unknown Owners","01/01/1984","A","31/12/2000","B","22/02/2018"
343504,"CO","",212646,"Unknown Owners","01/01/1984","A","31/12/2000","B","22/02/2018"
343504,"BO","",93254,"Government of Greece","01/06/2011","B","31/05/2017","B","22/02/2018"
343504,"CO","",93254,"Government of Greece","01/06/2011","B","31/05/2017","B","22/02/2018"
343504,"TM","Y",106243,"Alexandros Boufis","01/06/2017","B","","","22/02/2018"
343504,"TM","",171103,"Nikolaos Moraitis & Evagelos Giakos","01/01/2001","B","31/05/2011","B","22/02/2018"
343504,"TM","",212646,"Unknown Owners","01/01/1984","A","31/12/2000","B","22/02/2018"
343504,"TM","",93254,"Government of Greece","01/06/2011","B","31/05/2017","B","22/02/2018"
351149,"TM","Y",497905,"Mega Shipping Limited","21/02/2017","A","","","21/02/2018"
351149,"TM","",72789,"Mega Shipping Line Corporation","03/02/2017","B","20/02/2017","A","21/02/2018"
177765,"BO","",500578,"Turkiye Vakiflar Bankasi Turk Anonim Ortakligi (T.A.O.) (VakifBank)","22/04/2005","B","06/09/2006","","22/02/2018"
173274,"TM","",103991,"Nemtas Nemrut Liman Isletmeleri A.S.","21/04/2004","","05/01/2005","","22/02/2018"
223451,"BO","",4590,"Hsu family group","01/01/1990","A","28/02/1995","B","21/02/2018"
226410,"BO","",4590,"Hsu family group","01/01/1990","A","28/02/1995","B","21/02/2018"
332592,"BO","Y",488531,"Tsalamanios Family","06/12/2004","A","","","22/02/2018"
332592,"CO","Y",209585,"Evia Petrol Maritime Company","06/12/2004","A","","","22/02/2018"
281294,"RO","Y",500532,"Tenby Shipping Company Limited","14/02/2018","","","","20/02/2018"
281294,"RO","",87357,"Golden Tide Corporation","31/03/1999","A","13/02/2018","","20/02/2018"
281294,"BO","Y",212646,"Unknown Owners","14/02/2018","","","","20/02/2018"
281294,"CO","Y",212646,"Unknown Owners","14/02/2018","","","","20/02/2018"
281294,"BO","",210532,"Ship Finance International Limited","08/04/2004","","13/02/2018","","20/02/2018"
281294,"BO","",5822,"Golden Ocean Management Limited","31/03/1999","A","06/01/2001","B","20/02/2018"
281294,"BO","",18049,"Wallem Shipmanagement Limited","07/01/2001","B","07/04/2004","B","20/02/2018"
281294,"CO","",210532,"Ship Finance International Limited","08/04/2004","","13/02/2018","","20/02/2018"
350687,"CO","Y",107267,"Clearwater Group","24/09/2017","B","","","20/02/2018"
281294,"CO","",5822,"Golden Ocean Management Limited","31/03/1999","A","06/01/2001","B","20/02/2018"
281294,"CO","",18049,"Wallem Shipmanagement Limited","07/01/2001","B","07/04/2004","B","20/02/2018"
350687,"RO","Y",496183,"Mirella S Marine Corporation","24/09/2017","B","","","20/02/2018"
350687,"BO","Y",107267,"Clearwater Group","24/09/2017","B","","","20/02/2018"
313282,"TP","",3007,"Chevron Shipping Company LLC","05/01/2007","B","31/12/2016","B","21/02/2018"
313282,"TP","",166394,"Petredec Limited","01/01/2017","A","01/07/2017","B","21/02/2018"
8919858,"BO","Y",12999,"Polembros Shipping Limited","09/10/2014","B","","","21/02/2018"
8919858,"CO","Y",12999,"Polembros Shipping Limited","09/10/2014","B","","","21/02/2018"
8919858,"BO","",181101,"Euronav N.V.","07/04/2013","B","08/10/2014","B","21/02/2018"
8919858,"CO","",181101,"Euronav N.V.","07/04/2013","B","08/10/2014","B","21/02/2018"
7212745,"BO","",4590,"Hsu family group","24/03/2011","A","31/07/2013","B","21/02/2018"
8919858,"RO","Y",474951,"Thalassa Maritime Corporation","09/10/2014","B","","","21/02/2018"
8919858,"RO","",440417,"Belle Shipholdings Limited","07/04/2013","B","08/10/2014","B","21/02/2018"
8919858,"TM","Y",12999,"Polembros Shipping Limited","09/10/2014","B","","","21/02/2018"
9211133,"BO","Y",4590,"Hsu family group","30/10/2008","","","","21/02/2018"
8919858,"TM","",219731,"Euronav Ship Management (Hellas) Limited","07/04/2013","B","08/10/2014","B","21/02/2018"
9211133,"CO","Y",15242,"Sincere Navigation Corporation","30/10/2008","","","","21/02/2018"
9211133,"TM","Y",15242,"Sincere Navigation Corporation","30/10/2008","","","","21/02/2018"
9305894,"TM","Y",495645,"Eaglestar Shipmanagement (Labuan) Private Limited","08/12/2017","A","","","21/02/2018"
9305894,"TM","",9413,"MISC Berhad","21/12/2010","","07/12/2017","A","21/02/2018"
351023,"TM","Y",497373,"Olympic Vision Maritime Company Incorporated","19/02/2018","B","","","21/02/2018"
351023,"TM","",72205,"Springfield Shipping Company Panama S.A.","16/06/2014","B","18/02/2018","B","21/02/2018"
8331990,"TM","Y",348083,"Transmed Shipping Company Limited","20/05/2014","B","","","21/02/2018"
367410,"BO","Y",88,"Anonymos Naftiliaki Etaireia Kritis AE (ANEK LINES) S.A.","02/02/2016","A","","","21/02/2018"
358601,"BO","Y",4590,"Hsu family group","07/09/2006","A","","","21/02/2018"
358601,"CO","Y",15242,"Sincere Navigation Corporation","07/09/2006","A","","","21/02/2018"
358601,"TM","Y",15242,"Sincere Navigation Corporation","07/09/2006","A","","","21/02/2018"
366717,"BO","Y",4590,"Hsu family group","20/01/2007","","","","21/02/2018"
366717,"CO","Y",15242,"Sincere Navigation Corporation","20/01/2007","","","","21/02/2018"
367410,"RO","Y",88,"Anonymos Naftiliaki Etaireia Kritis AE (ANEK LINES) S.A.","02/02/2016","A","","","21/02/2018"
345400,"BO","",4590,"Hsu family group","03/10/2003","","30/11/2003","","21/02/2018"
345400,"BO","",4590,"Hsu family group","01/12/2003","","06/01/2015","B","21/02/2018"
345400,"CO","",15242,"Sincere Navigation Corporation","01/12/2003","","06/01/2015","B","21/02/2018"
348660,"BO","",4590,"Hsu family group","03/06/2005","A","01/12/2016","","21/02/2018"
367410,"CO","Y",88,"Anonymos Naftiliaki Etaireia Kritis AE (ANEK LINES) S.A.","02/02/2016","A","","","21/02/2018"
381667,"BO","Y",4590,"Hsu family group","29/10/2010","B","","","21/02/2018"
381667,"BO","",4590,"Hsu family group","29/09/2007","A","28/10/2010","B","21/02/2018"
381667,"CO","",15242,"Sincere Navigation Corporation","29/09/2007","A","28/10/2010","B","21/02/2018"
381667,"TM","",15242,"Sincere Navigation Corporation","29/09/2007","A","28/10/2010","B","21/02/2018"
423185,"RO","Y",212646,"Unknown Owners","21/02/2018","B","","","21/02/2018"
423185,"RO","",237168,"Catfish Forvaltning AB","01/06/2006","A","20/02/2018","B","21/02/2018"
423185,"BO","Y",212646,"Unknown Owners","21/02/2018","B","","","21/02/2018"
423185,"CO","Y",212646,"Unknown Owners","21/02/2018","B","","","21/02/2018"
423185,"BO","",216211,"Svithoid Tankers AB","01/01/2007","","20/02/2018","B","21/02/2018"
423185,"CO","",216211,"Svithoid Tankers AB","01/01/2007","","20/02/2018","B","21/02/2018"
423185,"TM","Y",212646,"Unknown Owners","21/02/2018","B","","","21/02/2018"
423185,"TM","",216211,"Svithoid Tankers AB","01/01/2007","","20/02/2018","B","21/02/2018"
623357,"BO","",4590,"Hsu family group","19/05/2011","B","13/06/2016","","21/02/2018"
623357,"CO","",15242,"Sincere Navigation Corporation","19/05/2011","B","13/06/2016","","21/02/2018"
749617,"RO","Y",263082,"Ianthe II Transportation Corporation","18/05/2015","","","","21/02/2018"
749617,"RO","",231149,"Ianthe Transportation ENE","04/10/2009","A","17/05/2015","","21/02/2018"
749617,"BO","Y",9335,"Lykiardopulo & Company Limited","18/05/2015","","","","21/02/2018"
749617,"CO","Y",9335,"Lykiardopulo & Company Limited","18/05/2015","","","","21/02/2018"
749617,"BO","",9335,"Lykiardopulo & Company Limited","04/10/2009","A","17/05/2015","","21/02/2018"
749617,"CO","",9335,"Lykiardopulo & Company Limited","04/10/2009","A","17/05/2015","","21/02/2018"
756481,"RO","Y",500550,"Anetos Maritime Limited","21/02/2018","B","","","21/02/2018"
756481,"RO","",128583,"Ocean Sunrise Shipholding S.A.","01/12/2010","B","20/02/2018","B","21/02/2018"
355972,"RO","Y",472901,"H-Line Shipping Company Limited","21/02/2018","","","","21/02/2018"
355972,"RO","",486056,"Toffee Marine S.A.","18/07/2016","B","20/02/2018","B","21/02/2018"
355972,"BO","Y",487303,"Hahn & Company","21/02/2018","","","","21/02/2018"
355972,"CO","Y",472901,"H-Line Shipping Company Limited","21/02/2018","","","","21/02/2018"
10222706,"RO","Y",219244,"Atlantic Schepen Exploitatie Maatschappij B.V.","31/12/2016","B","","","20/02/2018"
10222706,"BO","Y",55438,"Atlantic Aardolieproducten Maatschappij B.V.","31/12/2016","B","","","20/02/2018"
10222706,"CO","Y",219244,"Atlantic Schepen Exploitatie Maatschappij B.V.","31/12/2016","B","","","20/02/2018"
397283,"NO","",41519,"DNB Bank ASA","27/09/2013","B","03/05/2015","B","20/02/2018"
397295,"NO","Y",41519,"DNB Bank ASA","27/09/2013","B","","","20/02/2018"
397301,"NO","Y",41519,"DNB Bank ASA","27/09/2013","B","","","20/02/2018"
366078,"RO","Y",212646,"Unknown Owners","21/02/2018","B","","","22/02/2018"
355972,"BO","",39977,"Samos Steamship Company","18/07/2016","B","20/02/2018","B","21/02/2018"
355972,"CO","",39977,"Samos Steamship Company","18/07/2016","B","20/02/2018","B","21/02/2018"
356356,"BO","Y",485833,"Bergshav AS","06/02/2013","B","","","22/02/2018"
356356,"CO","Y",27679,"Bergshav Management AS","06/02/2013","B","","","22/02/2018"
356359,"RO","Y",492179,"Bergshav Product Tankers K/S","17/01/2018","B","","","22/02/2018"
356359,"RO","",184869,"Braaid Shipping Limited","24/09/2006","B","24/09/2006","B","22/02/2018"
356359,"RO","",232199,"Ocean Dignity Nav. Limited","25/09/2006","B","30/01/2007","B","22/02/2018"
356359,"RO","",434044,"Ocean Product Tankers AS","05/10/2012","B","16/01/2018","B","22/02/2018"
356359,"RO","",492179,"Bergshav Product Tankers K/S","31/01/2007","B","04/10/2012","B","22/02/2018"
325084,"TP","",206801,"Noble Chartering Limited","19/11/2010","","13/02/2018","B","22/02/2018"
303762,"RO","Y",448683,"P.T. Lintas Wahana Indonesia","13/02/2018","","","","20/02/2018"
407563,"RO","Y",500521,"Navisa Shipping Incorporated","19/02/2018","B","","","20/02/2018"
407563,"RO","",33190,"Eastern Cross Shipping S.A.","01/04/2009","B","18/02/2018","B","20/02/2018"
407563,"TM","",16974,"Toyo Kaiun Company Limited","07/11/2013","B","18/02/2018","B","20/02/2018"
407563,"BO","Y",481093,"Densay Group","19/02/2018","B","","","20/02/2018"
407563,"CO","Y",195148,"Densay Denizcilik ve Ticaret AS","19/02/2018","B","","","20/02/2018"
407563,"BO","",16974,"Toyo Kaiun Company Limited","01/04/2009","B","18/02/2018","B","20/02/2018"
407563,"CO","",16974,"Toyo Kaiun Company Limited","01/04/2009","B","18/02/2018","B","20/02/2018"
407563,"TM","Y",195148,"Densay Denizcilik ve Ticaret AS","19/02/2018","B","","","20/02/2018"
757987,"TM","Y",214843,"Shanghai Dingheng Shipping Company Limited","05/08/2016","B","","","22/02/2018"
366013,"RO","Y",412763,"BW VLGC Limited","25/01/2017","B","","","20/02/2018"
132765,"BO","",441535,"The Province of Newfoundland & Labrador","31/08/2012","B","30/09/2016","B","20/02/2018"
132765,"CO","",441535,"The Province of Newfoundland & Labrador","31/08/2012","B","30/09/2016","B","20/02/2018"
132765,"TM","",441535,"The Province of Newfoundland & Labrador","31/08/2012","B","30/09/2016","B","20/02/2018"
303762,"RO","",34477,"Marbulk Shipping Limited","13/01/2016","A","12/02/2018","","20/02/2018"
3723649,"RO","Y",117594,"Catania Shipping Incorporated","04/02/2018","B","","","20/02/2018"
303762,"TM","",341364,"V. Ships USA (Boston) LLC","15/01/2016","A","12/02/2018","","20/02/2018"
303762,"BO","Y",448683,"P.T. Lintas Wahana Indonesia","13/02/2018","","","","20/02/2018"
303762,"CO","Y",448683,"P.T. Lintas Wahana Indonesia","13/02/2018","","","","20/02/2018"
303762,"BO","",533,"Algoma Central Corporation","13/01/2016","A","12/02/2018","","20/02/2018"
303762,"CO","",34477,"Marbulk Shipping Limited","13/01/2016","A","12/02/2018","","20/02/2018"
303762,"TM","Y",448683,"P.T. Lintas Wahana Indonesia","13/02/2018","","","","20/02/2018"
12352370,"RO","Y",175231,"Oldendorff Carriers GmbH & Company KG","12/01/2018","A","","","20/02/2018"
12352370,"BO","Y",11894,"Egon Oldendorff KG","12/01/2018","A","","","20/02/2018"
12352370,"CO","Y",175231,"Oldendorff Carriers GmbH & Company KG","12/01/2018","A","","","20/02/2018"
12574513,"BO","Y",441535,"The Province of Newfoundland & Labrador","15/08/2015","B","","","20/02/2018"
12574513,"CO","Y",441535,"The Province of Newfoundland & Labrador","15/08/2015","B","","","20/02/2018"
10457975,"TP","Y",194612,"Mansel Limited","17/11/2017","A","","","21/02/2018"
10457975,"TP","",51328,"Kyklades Maritime Corporation","16/11/2017","B","16/11/2017","B","21/02/2018"
10457977,"RO","Y",496381,"Plotki Marine Limited","20/07/2017","","","","21/02/2018"
10457977,"BO","Y",470977,"Zodiac Group Monaco","20/07/2017","","","","21/02/2018"
10457977,"CO","Y",50147,"Zodiac Maritime Limited","20/07/2017","","","","21/02/2018"
3723649,"BO","Y",11894,"Egon Oldendorff KG","04/02/2018","B","","","20/02/2018"
3723649,"CO","Y",175231,"Oldendorff Carriers GmbH & Company KG","04/02/2018","B","","","20/02/2018"
309605,"TM","Y",1342,"Grimaldi Euromed S.p.A.","24/01/2018","B","","","20/02/2018"
309605,"TM","",470194,"Compagnia Italiana di Navigazione S.p.A.","18/07/2012","B","23/01/2018","B","20/02/2018"
361927,"TM","Y",483627,"SCF Management Services (Dubai) Limited","18/02/2018","A","","","20/02/2018"
361927,"TM","",287748,"SCF Management Services (St. Petersburg) Limited","04/07/2014","B","17/02/2018","A","20/02/2018"
11139182,"TM","Y",477963,"Brightoil Shipmanagement Private Limited","22/02/2018","B","","","22/02/2018"
339475,"BO","",4590,"Hsu family group","31/10/2003","A","31/12/2003","","21/02/2018"
344340,"BO","Y",4590,"Hsu family group","23/10/2003","","","","21/02/2018"
344340,"CO","Y",15242,"Sincere Navigation Corporation","23/10/2003","","","","21/02/2018"
12909868,"RO","Y",475571,"Indonesia Government Min Sea Comms","31/12/2017","B","","","21/02/2018"
12909868,"BO","Y",7385,"Government of Indonesia","31/12/2017","B","","","21/02/2018"
12909868,"CO","Y",12647,"P.T. (PELNI) Pelayaran Nasional Indonesia","31/12/2017","B","","","21/02/2018"
12909868,"TM","Y",12647,"P.T. (PELNI) Pelayaran Nasional Indonesia","31/12/2017","B","","","21/02/2018"
9733749,"BO","Y",4590,"Hsu family group","15/09/2009","","","","21/02/2018"
9733749,"CO","Y",15242,"Sincere Navigation Corporation","15/09/2009","","","","21/02/2018"
10038474,"TM","Y",492214,"Bernhard Schulte Shipping (India) Private Limited","21/02/2018","B","","","21/02/2018"
10038474,"TM","",129219,"Bernhard Schulte Shipmanagement (India) Private Limited","29/07/2014","B","20/02/2018","B","21/02/2018"
60503,"RO","",495221,"Kydonia Sea Services Shipping Company","12/07/2016","B","01/08/2017","","21/02/2018"
60503,"BO","Y",480630,"Leventakis Shipping Company","02/08/2017","","","","21/02/2018"
60503,"CO","Y",480630,"Leventakis Shipping Company","02/08/2017","","","","21/02/2018"
60503,"RO","Y",480630,"Leventakis Shipping Company","02/08/2017","","","","21/02/2018"
322202,"BO","",4590,"Hsu family group","06/09/2002","B","13/05/2014","B","21/02/2018"
322202,"CO","",15242,"Sincere Navigation Corporation","06/09/2002","B","13/05/2014","B","21/02/2018"
348660,"CO","",15242,"Sincere Navigation Corporation","03/06/2005","A","01/12/2016","","21/02/2018"
756481,"BO","Y",4803,"Empros Lines Shipping Company Special S.A.","21/02/2018","B","","","21/02/2018"
756481,"CO","Y",4803,"Empros Lines Shipping Company Special S.A.","21/02/2018","B","","","21/02/2018"
756481,"BO","",83076,"MK Shipmanagement Company Limited","01/12/2010","B","20/02/2018","B","21/02/2018"
756481,"CO","",83076,"MK Shipmanagement Company Limited","01/12/2010","B","20/02/2018","B","21/02/2018"
56651,"CO","",6579,"Eletson Corporation","01/01/1982","A","13/01/1997","","21/02/2018"
56651,"TM","",6579,"Eletson Corporation","01/01/1982","A","13/01/1997","","21/02/2018"
397302,"NO","Y",41519,"DNB Bank ASA","27/09/2013","B","","","20/02/2018"
280229,"RO","Y",472534,"Jambo Jet Maritime Company","02/09/2017","B","","","20/02/2018"
280229,"RO","",79247,"Istanbul Deniz Otobusleri Sanayi ve Ticaret AS (IDO)","01/01/1997","","01/09/2017","B","20/02/2018"
280229,"TM","Y",483613,"Sea Jets Maritime Company","02/09/2017","","","","20/02/2018"
280229,"TM","",79247,"Istanbul Deniz Otobusleri Sanayi ve Ticaret AS (IDO)","01/01/1997","","01/09/2017","B","20/02/2018"
280229,"BO","Y",483288,"Iliopoulos family group of companies","02/09/2017","B","","","20/02/2018"
280229,"CO","Y",226981,"Seajets HSC Joint Venture","02/09/2017","B","","","20/02/2018"
280229,"BO","",79245,"Istanbul Buyuksehir Belediye Baskanligi (Istanbul Metropolitan Municipality)","01/01/1997","","01/09/2017","B","20/02/2018"
280229,"CO","",79245,"Istanbul Buyuksehir Belediye Baskanligi (Istanbul Metropolitan Municipality)","01/01/1997","","01/09/2017","B","20/02/2018"
60503,"BO","",495221,"Kydonia Sea Services Shipping Company","12/07/2016","B","01/08/2017","","21/02/2018"
60503,"CO","",495221,"Kydonia Sea Services Shipping Company","12/07/2016","B","01/08/2017","","21/02/2018"
60503,"TM","Y",480630,"Leventakis Shipping Company","02/08/2017","","","","21/02/2018"
60503,"TM","",495221,"Kydonia Sea Services Shipping Company","12/07/2016","B","01/08/2017","","21/02/2018"
152333,"BO","",4590,"Hsu family group","23/01/1998","","09/03/2009","B","21/02/2018"
212524,"RO","Y",176339,"Indian Breakers","21/02/2018","B","","","22/02/2018"
2020310,"CO","",474005,"Hafnia Tankers ApS","17/02/2015","B","01/02/2018","","20/02/2018"
2020310,"RO","Y",387585,"Yong Sheng Shipping Private Limited","02/02/2018","","","","20/02/2018"
2020310,"RO","",477057,"Hafnia Tankers Shipholding 2 Singapore Private Limited","17/02/2015","B","01/02/2018","","20/02/2018"
2020310,"BO","Y",40949,"Kontiki Shipping Private Limited","02/02/2018","","","","20/02/2018"
2020310,"CO","Y",40949,"Kontiki Shipping Private Limited","02/02/2018","","","","20/02/2018"
2020310,"BO","",440653,"Hafnia Tankers Limited","17/02/2015","B","01/02/2018","","20/02/2018"
46107,"RO","",73136,"Spanker Naftiki Eteria","01/01/1995","","14/02/2018","B","21/02/2018"
46107,"RO","",176367,"Turkish Breakers","15/02/2018","B","19/02/2018","","21/02/2018"
46107,"BO","",68353,"Michael Spanos","01/01/1996","","14/02/2018","B","21/02/2018"
46107,"BO","",73136,"Spanker Naftiki Eteria","01/01/1995","","31/12/1995","","21/02/2018"
46107,"CO","",68353,"Michael Spanos","01/01/1996","","14/02/2018","B","21/02/2018"
46107,"CO","",73136,"Spanker Naftiki Eteria","01/01/1995","","31/12/1995","","21/02/2018"
46107,"BO","",176367,"Turkish Breakers","15/02/2018","B","19/02/2018","","21/02/2018"
46107,"CO","",176367,"Turkish Breakers","15/02/2018","B","19/02/2018","","21/02/2018"
46107,"TM","",68353,"Michael Spanos","01/01/1996","","14/02/2018","B","21/02/2018"
46107,"TM","",73136,"Spanker Naftiki Eteria","01/01/1995","","31/12/1995","","21/02/2018"
46107,"TM","",176367,"Turkish Breakers","15/02/2018","B","19/02/2018","","21/02/2018"
247022,"RO","Y",7559,"Islamic Republic of Iran Shipping Lines Company (IRISL)","19/02/2018","B","","","19/02/2018"
247022,"RO","",471745,"Great Sparkle Investments Limited","07/10/2015","B","18/02/2018","B","19/02/2018"
247022,"TM","Y",303025,"Rahbaran Omid Darya Ship Management Company (ROD)","19/02/2018","B","","","19/02/2018"
247022,"TM","",389564,"Elegant Ship Management & Consultancy Services Private Limited","07/10/2015","B","18/02/2018","B","19/02/2018"
247022,"BO","Y",7559,"Islamic Republic of Iran Shipping Lines Company (IRISL)","19/02/2018","B","","","19/02/2018"
247022,"CO","Y",7559,"Islamic Republic of Iran Shipping Lines Company (IRISL)","19/02/2018","B","","","19/02/2018"
247022,"BO","",7559,"Islamic Republic of Iran Shipping Lines Company (IRISL)","07/10/2015","B","18/02/2018","B","19/02/2018"
247022,"CO","",7559,"Islamic Republic of Iran Shipping Lines Company (IRISL)","07/10/2015","B","18/02/2018","B","19/02/2018"
216356,"RO","Y",50836,"P.T. Dharma Lautan Utama","18/12/2017","B","","","21/02/2018"
177463,"TM","",176339,"Indian Breakers","29/09/2015","B","21/07/2017","T","21/02/2018"
10403240,"BO","Y",500573,"K Ota","01/01/2015","A","","","21/02/2018"
177463,"BO","",176339,"Indian Breakers","29/09/2015","B","21/07/2017","T","21/02/2018"
177463,"CO","",176339,"Indian Breakers","29/09/2015","B","21/07/2017","T","21/02/2018"
10403240,"RO","Y",500573,"K Ota","28/07/2010","B","","","21/02/2018"
151757,"RO","Y",500586,"Jet Tank Shipping Company","05/11/2003","B","","","22/02/2018"
115106,"BO","Y",492993,"Messiniaki L Naftiki Eteria","10/10/2016","A","","","22/02/2018"
115106,"CO","Y",492993,"Messiniaki L Naftiki Eteria","10/10/2016","A","","","22/02/2018"
115106,"TM","Y",492993,"Messiniaki L Naftiki Eteria","10/10/2016","A","","","22/02/2018"
2415985,"TM","Y",192541,"Dongguan Fenghai Ocean Shipping Company Limited","01/11/2008","A","","","22/02/2018"
260030,"RO","Y",476818,"Phatra Leasing Public Company Limited","27/10/2017","B","","","19/02/2018"
260030,"BO","Y",46861,"Nathalin Company Limited","27/10/2017","B","","","19/02/2018"
260030,"CO","Y",46861,"Nathalin Company Limited","27/10/2017","B","","","19/02/2018"
260030,"TM","Y",46861,"Nathalin Company Limited","27/10/2017","B","","","19/02/2018"
12499933,"RO","Y",500517,"LNG Sakura Shipping Corporation","01/02/2018","A","","","19/02/2018"
12499933,"BO","Y",500518,"Kansai Electric Power Company (70%) & Nippon Yusen Kabushiki Kaisha (NYK) (30%)","01/02/2018","A","","","19/02/2018"
12499933,"CO","Y",500518,"Kansai Electric Power Company (70%) & Nippon Yusen Kabushiki Kaisha (NYK) (30%)","01/02/2018","A","","","19/02/2018"
12499933,"TM","Y",500518,"Kansai Electric Power Company (70%) & Nippon Yusen Kabushiki Kaisha (NYK) (30%)","01/02/2018","A","","","19/02/2018"
12246701,"TM","Y",81492,"Anglo-Eastern Shipmanagement (Singapore) Private Limited","06/02/2018","B","","","22/02/2018"
12246708,"TM","Y",81492,"Anglo-Eastern Shipmanagement (Singapore) Private Limited","30/08/2017","B","","","22/02/2018"
240635,"RO","",492993,"Messiniaki L Naftiki Eteria","10/10/2016","A","19/02/2018","B","21/02/2018"
240635,"BO","Y",480630,"Leventakis Shipping Company","20/02/2018","B","","","21/02/2018"
240635,"CO","Y",480630,"Leventakis Shipping Company","20/02/2018","B","","","21/02/2018"
240635,"RO","Y",480630,"Leventakis Shipping Company","20/02/2018","B","","","21/02/2018"
240635,"BO","",492993,"Messiniaki L Naftiki Eteria","10/10/2016","A","19/02/2018","B","22/02/2018"
240635,"CO","",492993,"Messiniaki L Naftiki Eteria","10/10/2016","A","19/02/2018","B","22/02/2018"
4202461,"TM","Y",176444,"Altomare S.A.","13/10/2008","A","","","22/02/2018"
303037,"RO","Y",370843,"P.T. Pertamina Trans Kontinental","29/04/2016","B","","","21/02/2018"
12827980,"RO","Y",255849,"Salsabeel Shipping & Trading","08/11/2017","B","","","20/02/2018"
12827980,"RO","",495726,"Majestic Marine International","25/10/2014","B","07/11/2017","B","20/02/2018"
12827980,"TM","",235849,"KK Marine Consultants Limited","25/10/2014","B","07/11/2017","B","20/02/2018"
12827980,"BO","Y",255856,"L-Shipping Limited","08/11/2017","B","","","20/02/2018"
12827980,"CO","Y",255856,"L-Shipping Limited","08/11/2017","B","","","20/02/2018"
264550,"RO","Y",176354,"Pakistan Breakers","15/02/2018","B","","","20/02/2018"
283173,"BO","",4590,"Hsu family group","27/04/1999","A","31/07/1999","","21/02/2018"
283173,"BO","",4590,"Hsu family group","01/12/1999","","12/08/2009","B","21/02/2018"
44434,"BO","",4590,"Hsu family group","01/01/1989","A","06/03/1992","","21/02/2018"
284601,"BO","",500578,"Turkiye Vakiflar Bankasi Turk Anonim Ortakligi (T.A.O.) (VakifBank)","11/06/2004","","28/02/2010","B","22/02/2018"
351149,"BO","",500578,"Turkiye Vakiflar Bankasi Turk Anonim Ortakligi (T.A.O.) (VakifBank)","06/06/2005","B","02/02/2017","B","22/02/2018"
127612,"RO","",35661,"United Hi-Tech Electronic Equipment Company Limited","21/12/1992","A","01/09/2010","B","22/02/2018"
127612,"RO","",176364,"Thailand Breakers","02/09/2010","B","01/10/2010","B","22/02/2018"
127612,"BO","",35661,"United Hi-Tech Electronic Equipment Company Limited","21/12/1992","A","01/09/2010","B","22/02/2018"
127612,"CO","",35661,"United Hi-Tech Electronic Equipment Company Limited","21/12/1992","A","01/09/2010","B","22/02/2018"
127612,"BO","",176364,"Thailand Breakers","02/09/2010","B","01/10/2010","B","22/02/2018"
127612,"CO","",176364,"Thailand Breakers","02/09/2010","B","01/10/2010","B","22/02/2018"
236222,"RO","",176339,"Indian Breakers","15/09/2017","B","26/09/2017","","21/02/2018"
236222,"RO","",482364,"Gemini Marine Enterprises Limited","12/12/2015","B","14/09/2017","B","21/02/2018"
236222,"CO","",176339,"Indian Breakers","15/09/2017","B","26/09/2017","","21/02/2018"
236222,"BO","",160689,"Benelux Overseas Incorporated","12/12/2015","B","14/09/2017","B","21/02/2018"
236222,"CO","",160689,"Benelux Overseas Incorporated","12/12/2015","B","14/09/2017","B","21/02/2018"
236222,"TM","",160689,"Benelux Overseas Incorporated","12/12/2015","B","26/09/2017","","21/02/2018"
236222,"BO","",176339,"Indian Breakers","15/09/2017","B","26/09/2017","","21/02/2018"
240635,"TM","Y",480630,"Leventakis Shipping Company","20/02/2018","B","","","21/02/2018"
240635,"TM","",492993,"Messiniaki L Naftiki Eteria","10/10/2016","A","19/02/2018","B","22/02/2018"
324605,"RO","Y",210311,"Farewell Investments Incorporated","13/01/2005","A","","","20/02/2018"
324605,"TP","Y",471025,"AtoBatC Shipping AB","01/05/2017","","","","20/02/2018"
324605,"TP","",973,"Saudi Arabian Oil Company (SAUDI ARAMCO)","20/04/2015","A","30/04/2017","B","20/02/2018"
324605,"BO","Y",5032,"European Navigation Incorporated","13/01/2005","A","","","20/02/2018"
324605,"CO","Y",184726,"European Product Carriers Limited","13/01/2005","A","","","20/02/2018"
9561615,"RO","Y",302498,"Airlea Shipping Incorporated","11/06/2015","B","","","20/02/2018"
9561615,"RO","",468179,"Oceanis ENE","18/07/2011","B","10/06/2015","B","20/02/2018"
9561615,"RO","",302498,"Airlea Shipping Incorporated","14/04/2011","B","17/07/2011","B","20/02/2018"
9561615,"TM","Y",2927,"Chandris (Hellas) Incorporated","14/04/2011","B","","","20/02/2018"
9561615,"BO","Y",28728,"Chandris Hellas Group","11/06/2015","B","","","20/02/2018"
9561615,"CO","Y",2927,"Chandris (Hellas) Incorporated","11/06/2015","B","","","20/02/2018"
9561615,"BO","",28728,"Chandris Hellas Group","18/07/2011","B","10/06/2015","B","20/02/2018"
9561615,"CO","",2927,"Chandris (Hellas) Incorporated","18/07/2011","B","10/06/2015","B","20/02/2018"
9561615,"BO","",28728,"Chandris Hellas Group","14/04/2011","B","17/07/2011","B","20/02/2018"
9561615,"CO","",2927,"Chandris (Hellas) Incorporated","14/04/2011","B","17/07/2011","B","20/02/2018"
303037,"BO","Y",12724,"P.T. Pertamina (Persero)","29/04/2016","B","","","21/02/2018"
303037,"CO","Y",370843,"P.T. Pertamina Trans Kontinental","29/04/2016","B","","","21/02/2018"
291437,"RO","Y",268244,"Stena North Sea Limited","02/01/2018","","","","19/02/2018"
291437,"RO","",225952,"Baltic SF VIII Limited","11/04/2006","","01/01/2018","","19/02/2018"
351149,"CO","",103991,"Nemtas Nemrut Liman Isletmeleri A.S.","06/06/2005","B","02/02/2017","B","22/02/2018"
353885,"BO","",500578,"Turkiye Vakiflar Bankasi Turk Anonim Ortakligi (T.A.O.) (VakifBank)","15/09/2006","B","22/12/2016","B","22/02/2018"
353885,"CO","",103991,"Nemtas Nemrut Liman Isletmeleri A.S.","15/09/2006","B","22/12/2016","B","22/02/2018"
353885,"TM","",103991,"Nemtas Nemrut Liman Isletmeleri A.S.","15/09/2006","B","22/12/2016","B","22/02/2018"
362896,"TP","",192984,"EUKOR Car Carriers Incorporated","24/11/2015","B","19/01/2018","B","22/02/2018"
275106,"BO","",4590,"Hsu family group","01/01/1996","A","01/02/1997","","21/02/2018"
11595873,"TM","Y",36400,"Hua Hai Petroleum Transport & Marketing Company Limited","25/03/2013","B","","","22/02/2018"
11643845,"TM","Y",45557,"Chimbusco Pan Nation Shipping Company Limited","26/09/2014","A","","","22/02/2018"
236434,"RO","Y",302525,"Vakif Finansal Kiralama AS (Vakif Leasing)","05/12/2013","B","","","21/02/2018"
12697768,"TM","Y",290807,"SMTECH Ship Management Company Limited","03/02/2018","B","","","21/02/2018"
236434,"RO","",13912,"Mediterranea di Navigazione S.p.A.","12/01/1994","","04/12/2013","B","21/02/2018"
236434,"TP","Y",470704,"Kalkan Denizcilik Petrol Lojistik Turizm Sanayi ve Ticaret Limited Sirketi","05/12/2013","","","","21/02/2018"
236434,"TM","Y",470704,"Kalkan Denizcilik Petrol Lojistik Turizm Sanayi ve Ticaret Limited Sirketi","05/12/2013","B","","","21/02/2018"
236434,"TM","",13912,"Mediterranea di Navigazione S.p.A.","12/10/2013","B","04/12/2013","B","21/02/2018"
236434,"BO","Y",500578,"Turkiye Vakiflar Bankasi Turk Anonim Ortakligi (T.A.O.) (VakifBank)","05/12/2013","B","","","21/02/2018"
127612,"TM","",35661,"United Hi-Tech Electronic Equipment Company Limited","21/12/1992","A","01/09/2010","B","22/02/2018"
127612,"TM","",176364,"Thailand Breakers","02/09/2010","B","01/10/2010","B","22/02/2018"
6104,"BO","",4590,"Hsu family group","01/01/1989","A","05/11/1990","B","21/02/2018"
12270459,"TM","Y",477963,"Brightoil Shipmanagement Private Limited","22/02/2018","B","","","22/02/2018"
294194,"RO","Y",500529,"Gulf Marine Incorporated","09/02/2018","","","","20/02/2018"
294194,"RO","",291118,"Al Tawba International Navigation Company Limited","02/12/2010","B","08/02/2018","","20/02/2018"
294194,"BO","Y",212646,"Unknown Owners","09/02/2018","","","","20/02/2018"
294194,"CO","Y",212646,"Unknown Owners","09/02/2018","","","","20/02/2018"
294194,"BO","",1563,"Bihar International Company Limited","02/12/2010","B","08/02/2018","","20/02/2018"
294194,"CO","",1563,"Bihar International Company Limited","02/12/2010","B","08/02/2018","","20/02/2018"
303037,"TM","Y",370843,"P.T. Pertamina Trans Kontinental","29/04/2016","B","","","21/02/2018"
411921,"RO","",255357,"Chemstar Cork Limited","15/06/2008","","16/01/2018","","21/02/2018"
411921,"BO","Y",226978,"Besiktas Group of Companies","17/01/2018","","","","21/02/2018"
411921,"CO","Y",210050,"Besiktas Likid Tasimacilik Denizcilik Ticaret A.S.","17/01/2018","","","","21/02/2018"
411921,"BO","",18490,"Yardimci Shipping Group of Companies","15/06/2008","","16/01/2018","","21/02/2018"
411921,"CO","",256188,"Chemstar Tankers Limited","15/06/2008","","16/01/2018","","21/02/2018"
277195,"BO","",4590,"Hsu family group","01/01/2005","A","13/01/2008","","21/02/2018"
25774,"BO","",4590,"Hsu family group","01/01/1989","A","16/10/1992","A","21/02/2018"
611056,"RO","",254247,"Chemstar Wexford Limited","17/05/2008","B","20/01/2018","","21/02/2018"
611056,"BO","Y",226978,"Besiktas Group of Companies","21/01/2018","","","","21/02/2018"
611056,"CO","Y",210050,"Besiktas Likid Tasimacilik Denizcilik Ticaret A.S.","21/01/2018","","","","21/02/2018"
611056,"BO","",18490,"Yardimci Shipping Group of Companies","17/05/2008","B","20/01/2018","","21/02/2018"
611056,"CO","",256188,"Chemstar Tankers Limited","17/05/2008","B","20/01/2018","","21/02/2018"
611056,"RO","Y",500576,"Arsland Nore Limited","21/01/2018","","","","21/02/2018"
26744,"BO","",4590,"Hsu family group","01/01/1989","A","01/01/1993","B","21/02/2018"
31462,"BO","",4590,"Hsu family group","01/01/1989","A","21/09/1992","","21/02/2018"
362772,"CO","",47602,"Seven Seas Carriers A/S","01/04/2008","","05/02/2018","B","21/02/2018"
362772,"TM","Y",500568,"Kontrari AS","06/02/2018","B","","","21/02/2018"
343741,"TM","Y",284188,"Wilmar Ship Holdings Private Limited","01/02/2018","B","","","21/02/2018"
362772,"RO","Y",500567,"LHS 8-Bering Light AS","06/02/2018","B","","","21/02/2018"
362772,"RO","",253525,"S-Bulk KS","01/04/2008","","05/02/2018","B","21/02/2018"
362772,"TM","",74902,"Fleet Management Limited","01/04/2008","","05/02/2018","B","21/02/2018"
362772,"BO","Y",500568,"Kontrari AS","06/02/2018","B","","","21/02/2018"
362772,"CO","Y",500568,"Kontrari AS","06/02/2018","B","","","21/02/2018"
362772,"BO","",47602,"Seven Seas Carriers A/S","01/04/2008","","05/02/2018","B","21/02/2018"
10998190,"TM","Y",4214,"Peter Dohle Schiffahrts-KG","06/12/2017","A","","","21/02/2018"
10998190,"TM","",34098,"BBG Bremer Bereederungsges. mbH & Company KG","05/07/2016","A","05/12/2017","B","21/02/2018"
343741,"RO","Y",500422,"Madelyn Shipping Company Private Limited","01/02/2018","B","","","21/02/2018"
343741,"TM","",30766,"V. Ships (UK) Limited","30/06/2014","B","31/01/2018","B","21/02/2018"
343741,"BO","Y",284188,"Wilmar Ship Holdings Private Limited","01/02/2018","B","","","21/02/2018"
343741,"CO","Y",284188,"Wilmar Ship Holdings Private Limited","01/02/2018","B","","","21/02/2018"
275106,"CO","",15242,"Sincere Navigation Corporation","01/01/1996","A","01/02/1997","","21/02/2018"
275106,"BO","",4590,"Hsu family group","05/01/1998","","10/09/2016","","21/02/2018"
275106,"CO","",15242,"Sincere Navigation Corporation","05/01/1998","","10/09/2016","","21/02/2018"
275106,"TM","",15242,"Sincere Navigation Corporation","01/01/1996","A","01/02/1997","","21/02/2018"
9800158,"RO","Y",486164,"An Tai Shipping Private Limited","12/09/2017","","","","22/02/2018"
9800158,"RO","",176814,"United Tankers Private Limited","10/12/2009","","11/09/2017","B","22/02/2018"
9800158,"TM","Y",11738,"Ocean Tankers (Private) Limited","12/09/2017","B","","","22/02/2018"
9800158,"BO","Y",6966,"Hin Leong Marine International (Private) Limited","12/09/2017","","","","22/02/2018"
9800158,"CO","Y",11738,"Ocean Tankers (Private) Limited","12/09/2017","","","","22/02/2018"
9800158,"BO","",206842,"UM Holding Private Limited","10/12/2009","","11/09/2017","B","22/02/2018"
9800158,"CO","",178362,"United Maritime Private Limited","10/12/2009","","11/09/2017","B","22/02/2018"
9800158,"TM","",178362,"United Maritime Private Limited","10/12/2009","","11/09/2017","B","22/02/2018"
275106,"TM","",15242,"Sincere Navigation Corporation","05/01/1998","","10/09/2016","","21/02/2018"
275107,"BO","",4590,"Hsu family group","01/01/2002","A","23/02/2017","O","21/02/2018"
275107,"CO","",15242,"Sincere Navigation Corporation","01/01/2002","A","23/02/2017","O","21/02/2018"
283174,"BO","",4590,"Hsu family group","01/01/1999","","30/11/1999","","21/02/2018"
283174,"BO","",4590,"Hsu family group","01/12/1999","","05/11/2000","","21/02/2018"
307638,"BO","",4590,"Hsu family group","29/04/2002","","02/09/2013","B","21/02/2018"
307638,"CO","",15242,"Sincere Navigation Corporation","29/04/2002","","02/09/2013","B","21/02/2018"
307639,"BO","Y",4590,"Hsu family group","14/06/2012","B","","","21/02/2018"
307639,"CO","Y",15242,"Sincere Navigation Corporation","14/06/2012","B","","","21/02/2018"
307639,"BO","",4590,"Hsu family group","01/01/2004","A","13/06/2012","B","21/02/2018"
57124,"RO","Y",492993,"Messiniaki L Naftiki Eteria","01/03/2015","B","","","22/02/2018"
57124,"RO","",49096,"Petronavia Shipping Company","04/10/1997","A","31/01/2015","B","22/02/2018"
57124,"RO","",480630,"Leventakis Shipping Company","01/02/2015","B","28/02/2015","B","22/02/2018"
57124,"BO","Y",492993,"Messiniaki L Naftiki Eteria","01/03/2015","B","","","22/02/2018"
57124,"CO","Y",492993,"Messiniaki L Naftiki Eteria","01/03/2015","B","","","22/02/2018"
57124,"BO","",43589,"Andriamar Shipping Incorporated","04/10/1997","A","31/01/2015","B","22/02/2018"
57124,"CO","",43589,"Andriamar Shipping Incorporated","04/10/1997","A","31/01/2015","B","22/02/2018"
57124,"BO","",480630,"Leventakis Shipping Company","01/02/2015","B","28/02/2015","B","22/02/2018"
57124,"CO","",480630,"Leventakis Shipping Company","01/02/2015","B","28/02/2015","B","22/02/2018"
57124,"TM","Y",492993,"Messiniaki L Naftiki Eteria","01/03/2015","B","","","22/02/2018"
57124,"TM","",43589,"Andriamar Shipping Incorporated","04/10/1997","A","31/01/2015","B","22/02/2018"
57124,"TM","",480630,"Leventakis Shipping Company","01/02/2015","B","28/02/2015","B","22/02/2018"
315942,"BO","",4590,"Hsu family group","01/01/2002","","19/04/2004","B","21/02/2018"
310064,"RO","Y",183130,"Chrismos Marine Company Incorporated","01/10/2015","B","","","21/02/2018"
310064,"RO","",243156,"Britanis Special Maritime Enterprise","16/07/2007","B","30/09/2015","B","21/02/2018"
310064,"BO","Y",28728,"Chandris Hellas Group","01/10/2015","B","","","21/02/2018"
310064,"CO","Y",2927,"Chandris (Hellas) Incorporated","01/10/2015","B","","","21/02/2018"
310064,"BO","",28728,"Chandris Hellas Group","16/07/2007","B","30/09/2015","B","21/02/2018"
310064,"CO","",2927,"Chandris (Hellas) Incorporated","16/07/2007","B","30/09/2015","B","21/02/2018"
311015,"BO","",4590,"Hsu family group","01/01/2001","A","04/12/2001","B","21/02/2018"
283174,"BO","",4590,"Hsu family group","06/11/2000","","07/12/2004","","21/02/2018"
304824,"BO","",4590,"Hsu family group","30/12/2000","B","11/07/2012","B","21/02/2018"
309601,"TM","Y",1342,"Grimaldi Euromed S.p.A.","24/01/2018","B","","","20/02/2018"
309601,"TM","",470194,"Compagnia Italiana di Navigazione S.p.A.","26/07/2012","","23/01/2018","B","20/02/2018"
625204,"TM","Y",485585,"DMC Trading Services & Investment Consulting Company Limited","25/11/2016","B","","","21/02/2018"
264777,"TM","Y",472392,"Synergy Oceanic Services India Private Limited","18/09/2015","A","","","21/02/2018"
12585113,"RO","Y",483545,"JS Marine Transportation Company Limited","04/12/2015","B","","","21/02/2018"
12585113,"BO","Y",483545,"JS Marine Transportation Company Limited","04/12/2015","B","","","21/02/2018"
12585113,"CO","Y",483545,"JS Marine Transportation Company Limited","04/12/2015","B","","","21/02/2018"
12585113,"TM","Y",483545,"JS Marine Transportation Company Limited","04/12/2015","B","","","21/02/2018"
291437,"BO","Y",38547,"Stena Group","02/01/2018","","","","19/02/2018"
291437,"CO","Y",15866,"Stena Line AB","02/01/2018","","","","19/02/2018"
291437,"BO","",88407,"AS Tallink Grupp","11/04/2006","","01/01/2018","","19/02/2018"
291437,"CO","",88407,"AS Tallink Grupp","11/04/2006","","01/01/2018","","19/02/2018"
156317,"RO","Y",484804,"Altera Limited","19/01/2016","B","","","19/02/2018"
156317,"BO","Y",212646,"Unknown Owners","19/01/2016","B","","","19/02/2018"
156317,"CO","Y",212646,"Unknown Owners","19/01/2016","B","","","19/02/2018"
212524,"RO","",500228,"Raven Shipping S.A.","20/12/2017","A","20/02/2018","B","22/02/2018"
212524,"BO","Y",176339,"Indian Breakers","21/02/2018","B","","","22/02/2018"
212524,"CO","Y",176339,"Indian Breakers","21/02/2018","B","","","22/02/2018"
264550,"BO","Y",176354,"Pakistan Breakers","15/02/2018","B","","","20/02/2018"
264550,"CO","Y",176354,"Pakistan Breakers","15/02/2018","B","","","20/02/2018"
253514,"RO","Y",229160,"Nakhodka-Portbunker Company Limited","05/11/2013","B","","","21/02/2018"
9057204,"BO","",21885,"Cargill International S.A.","25/09/2014","B","05/02/2018","B","21/02/2018"
9057204,"CO","",469521,"CarVal Investors LLC","25/09/2014","B","05/02/2018","B","21/02/2018"
10403240,"CO","Y",500573,"K Ota","01/01/2015","A","","","21/02/2018"
10403240,"TM","Y",500573,"K Ota","01/01/2015","A","","","21/02/2018"
11814364,"RO","Y",500571,"Tatsumi Unyu","08/03/2013","B","","","21/02/2018"
11814364,"BO","Y",500571,"Tatsumi Unyu","08/03/2013","B","","","21/02/2018"
11814364,"CO","Y",500571,"Tatsumi Unyu","08/03/2013","B","","","21/02/2018"
11814364,"TM","Y",500571,"Tatsumi Unyu","08/03/2013","B","","","21/02/2018"
12249959,"RO","Y",493036,"Aono Kaiun K.K. & Works Net Company Limited","13/05/2014","B","","","21/02/2018"
12249959,"BO","Y",65763,"Aono Kaiun K.K.","01/01/2015","B","","","21/02/2018"
12249959,"CO","Y",65763,"Aono Kaiun K.K.","01/01/2015","B","","","21/02/2018"
12249959,"TM","Y",65763,"Aono Kaiun K.K.","01/01/2015","B","","","21/02/2018"
9635799,"RO","Y",500152,"Olive Maritime Limited","30/01/2018","B","","","20/02/2018"
9635799,"BO","Y",439904,"AIMS Shipping Corporation","30/01/2018","B","","","20/02/2018"
9635799,"CO","Y",439904,"AIMS Shipping Corporation","30/01/2018","B","","","20/02/2018"
253514,"TM","Y",229160,"Nakhodka-Portbunker Company Limited","06/12/2013","B","","","21/02/2018"
253514,"BO","Y",229160,"Nakhodka-Portbunker Company Limited","05/11/2013","B","","","21/02/2018"
253514,"CO","Y",229160,"Nakhodka-Portbunker Company Limited","05/11/2013","B","","","21/02/2018"
12504407,"CO","Y",474815,"Sino Gas & Energy Limited","05/02/2018","A","","","21/02/2018"
12504407,"BO","",168118,"China State Shipbuilding Corporation (CSSC)","01/01/2017","B","04/02/2018","B","21/02/2018"
12504407,"CO","",168118,"China State Shipbuilding Corporation (CSSC)","01/01/2017","B","04/02/2018","B","21/02/2018"
12504407,"TM","Y",474815,"Sino Gas & Energy Limited","05/02/2018","A","","","21/02/2018"
12504407,"TM","",168118,"China State Shipbuilding Corporation (CSSC)","01/01/2017","B","04/02/2018","B","21/02/2018"
12504407,"RO","",168118,"China State Shipbuilding Corporation (CSSC)","01/01/2017","B","04/02/2018","B","21/02/2018"
12504407,"BO","Y",474816,"Sino Gas & Energy Holdings Limited","05/02/2018","A","","","21/02/2018"
12504407,"RO","Y",500558,"Fortune Ceres Holding Company Limited","05/02/2018","A","","","21/02/2018"
11905456,"RO","Y",500560,"China Energy Peace LNG Shipping Company Limited","05/02/2018","A","","","21/02/2018"
11905456,"TP","Y",499561,"Australia Pacific LNG","05/02/2018","A","","","21/02/2018"
11905456,"TM","Y",483664,"China Energy Ship Management Company Limited","05/02/2018","A","","","21/02/2018"
11905456,"BO","Y",488476,"China COSCO Shipping Corporation Limited","05/02/2018","A","","","21/02/2018"
11905456,"CO","Y",484703,"COSCO Shipping Energy Transportation Company (CSET)","05/02/2018","A","","","21/02/2018"
11905449,"TM","Y",483664,"China Energy Ship Management Company Limited","18/07/2017","A","","","21/02/2018"
12721984,"RO","Y",500570,"P Nuangkumma","20/06/2016","B","","","21/02/2018"
12721984,"BO","Y",500570,"P Nuangkumma","20/06/2016","B","","","21/02/2018"
12721984,"CO","Y",500570,"P Nuangkumma","20/06/2016","B","","","21/02/2018"
12721984,"TM","Y",500570,"P Nuangkumma","20/06/2016","B","","","21/02/2018"
12739557,"RO","Y",477312,"PT Mitha Samudera Wijaya","13/08/2016","B","","","21/02/2018"
12607335,"TM","Y",11423,"Dampskibsselskabet Norden A/S","21/02/2018","B","","","21/02/2018"
12739557,"BO","Y",477312,"PT Mitha Samudera Wijaya","13/08/2016","B","","","21/02/2018"
12739557,"CO","Y",477312,"PT Mitha Samudera Wijaya","13/08/2016","B","","","21/02/2018"
12739557,"TM","Y",477312,"PT Mitha Samudera Wijaya","13/08/2016","B","","","21/02/2018"
12746713,"RO","Y",487643,"PT Pelayaran Citra Sanjaya Abadi","21/09/2016","T","","","21/02/2018"
12746713,"TM","Y",487643,"PT Pelayaran Citra Sanjaya Abadi","12/02/2016","A","","","21/02/2018"
12746713,"BO","Y",487643,"PT Pelayaran Citra Sanjaya Abadi","21/09/2016","T","","","21/02/2018"
12746713,"CO","Y",487643,"PT Pelayaran Citra Sanjaya Abadi","21/09/2016","T","","","21/02/2018"
12888179,"RO","Y",7217,"Izumi Kaiun K.K.","09/12/2017","B","","","21/02/2018"
12888179,"BO","Y",7217,"Izumi Kaiun K.K.","09/12/2017","B","","","21/02/2018"
12888179,"CO","Y",7217,"Izumi Kaiun K.K.","09/12/2017","B","","","21/02/2018"
12888179,"TM","Y",7217,"Izumi Kaiun K.K.","09/12/2017","B","","","21/02/2018"
10527842,"TM","Y",500580,"Kyla Shipping & Trading Corporation","29/01/2018","B","","","21/02/2018"
10527842,"TM","",227751,"Kyla Shipping Enterprises Corporation","04/09/2013","B","28/01/2018","B","21/02/2018"
10527843,"TM","Y",500580,"Kyla Shipping & Trading Corporation","29/01/2018","B","","","21/02/2018"
10527843,"TM","",227751,"Kyla Shipping Enterprises Corporation","04/11/2013","B","28/01/2018","B","21/02/2018"
164401,"RO","",176367,"Turkish Breakers","15/02/2018","B","21/02/2018","","22/02/2018"
164401,"RO","",18057,"Wallenius Lines Singapore Private Limited","20/12/1999","","14/02/2018","B","20/02/2018"
164401,"TP","",217763,"United European Car Carriers Unipessoal Limitada","11/10/2005","B","21/02/2018","","22/02/2018"
164401,"TM","",124160,"Wallenius Marine Singapore Private Limited","01/01/2008","B","21/02/2018","","22/02/2018"
164401,"BO","",176367,"Turkish Breakers","15/02/2018","B","21/02/2018","","22/02/2018"
164401,"CO","",176367,"Turkish Breakers","15/02/2018","B","21/02/2018","","22/02/2018"
164401,"BO","",18291,"Wallenius Wilhelmsen Logistics ASA","31/05/2017","B","14/02/2018","B","20/02/2018"
164401,"BO","",15612,"Walleniusrederierna AB","20/12/1999","","30/05/2017","B","20/02/2018"
164401,"CO","",27198,"Wallenius Wilhelmsen Logistics AS","31/05/2017","B","14/02/2018","B","20/02/2018"
164401,"CO","",15612,"Walleniusrederierna AB","20/12/1999","","30/05/2017","B","20/02/2018"
212524,"BO","",212646,"Unknown Owners","20/12/2017","A","20/02/2018","B","22/02/2018"
212524,"CO","",212646,"Unknown Owners","20/12/2017","A","20/02/2018","B","22/02/2018"
221021,"RO","Y",176339,"Indian Breakers","02/02/2018","B","","","22/02/2018"
221021,"RO","",359609,"Evergas AS","27/09/2013","B","01/02/2018","B","22/02/2018"
221021,"BO","Y",176339,"Indian Breakers","02/02/2018","B","","","22/02/2018"
221021,"CO","Y",176339,"Indian Breakers","02/02/2018","B","","","22/02/2018"
221021,"BO","",311845,"Jaccar Holdings S.A.","27/09/2013","B","01/02/2018","B","22/02/2018"
221021,"CO","",359609,"Evergas AS","27/09/2013","B","01/02/2018","B","22/02/2018"
285648,"RO","Y",212646,"Unknown Owners","22/02/2018","B","","","22/02/2018"
285648,"RO","",471840,"Clion Limited","07/04/2014","B","21/02/2018","B","22/02/2018"
285648,"TP","",341307,"Tune Chemical Tankers BV","22/06/2014","B","21/02/2018","B","22/02/2018"
285648,"BO","Y",212646,"Unknown Owners","22/02/2018","B","","","22/02/2018"
285648,"CO","Y",212646,"Unknown Owners","22/02/2018","B","","","22/02/2018"
285648,"BO","",258561,"Union Maritime Limited","07/04/2014","B","21/02/2018","B","22/02/2018"
285648,"CO","",258561,"Union Maritime Limited","07/04/2014","B","21/02/2018","B","22/02/2018"
356359,"TP","Y",476662,"Hafnia Handy Pool Management ApS","17/01/2018","B","","","22/02/2018"
286931,"BO","Y",485833,"Bergshav AS","04/12/2016","","","","22/02/2018"
286931,"CO","Y",27679,"Bergshav Management AS","04/12/2016","","","","22/02/2018"
286931,"BO","",485833,"Bergshav AS","06/02/2013","B","01/12/2016","","22/02/2018"
356359,"TM","Y",27679,"Bergshav Management AS","09/02/2018","B","","","22/02/2018"
356359,"TM","",73165,"Roxana Shipping S.A.","25/09/2006","B","08/01/2018","B","22/02/2018"
356359,"BO","Y",485833,"Bergshav AS","17/01/2018","B","","","22/02/2018"
356359,"CO","Y",27679,"Bergshav Management AS","17/01/2018","B","","","22/02/2018"
356359,"BO","",99676,"Bernhard Schulte Group of Companies","24/09/2006","B","24/09/2006","B","22/02/2018"
286931,"CO","",27679,"Bergshav Management AS","06/02/2013","B","01/12/2016","","22/02/2018"
356359,"CO","",25617,"Dorchester Maritime Limited -  MERGED INTO Dorchester Atlantic Marine Limited Partnership","24/09/2006","B","24/09/2006","B","22/02/2018"
356359,"BO","",73165,"Roxana Shipping S.A.","25/09/2006","B","30/01/2007","B","22/02/2018"
356359,"CO","",73165,"Roxana Shipping S.A.","25/09/2006","B","30/01/2007","B","22/02/2018"
356359,"BO","",485833,"Bergshav AS","05/10/2012","B","16/01/2018","B","22/02/2018"
356359,"CO","",27679,"Bergshav Management AS","05/10/2012","B","16/01/2018","B","22/02/2018"
356359,"BO","",485833,"Bergshav AS","31/01/2007","B","04/10/2012","B","22/02/2018"
356359,"CO","",27679,"Bergshav Management AS","31/01/2007","B","04/10/2012","B","22/02/2018"
3668151,"BO","",13113,"Premuda S.p.A.","12/10/2011","A","05/04/2017","B","20/02/2018"
3668151,"CO","Y",13113,"Premuda S.p.A.","12/10/2011","A","","","20/02/2018"
356359,"TM","",25617,"Dorchester Maritime Limited -  MERGED INTO Dorchester Atlantic Marine Limited Partnership","24/09/2006","B","24/09/2006","B","22/02/2018"
366078,"RO","",471592,"CVI Scope LLC","24/03/2014","A","20/02/2018","B","22/02/2018"
366078,"BO","Y",212646,"Unknown Owners","21/02/2018","B","","","22/02/2018"
366078,"CO","Y",212646,"Unknown Owners","21/02/2018","B","","","22/02/2018"
366078,"BO","",21885,"Cargill International S.A.","24/03/2014","A","20/02/2018","B","22/02/2018"
366078,"CO","",469521,"CarVal Investors LLC","24/03/2014","A","20/02/2018","B","22/02/2018"
1068658,"TM","Y",495495,"Evic Maritime S.A.","17/06/2017","A","","","22/02/2018"
151757,"BO","",21088,"Olav Haugland","21/12/1996","A","04/11/2003","B","22/02/2018"
151757,"CO","",48624,"Bergen Tankers AS","21/12/1996","A","04/11/2003","B","22/02/2018"
151757,"TM","Y",7837,"Jet Tank Maritime Company","05/11/2003","B","","","22/02/2018"
151757,"TM","",48624,"Bergen Tankers AS","21/12/1996","A","04/11/2003","B","22/02/2018"
270166,"TM","Y",95560,"Akron Trade & Transport FZE","25/06/2002","B","","","22/02/2018"
270904,"TM","Y",175998,"China Oilfield Services Limited (COSL)","30/12/2005","A","","","22/02/2018"
9581270,"TM","Y",11738,"Ocean Tankers (Private) Limited","17/10/2017","B","","","22/02/2018"
236434,"CO","Y",302525,"Vakif Finansal Kiralama AS (Vakif Leasing)","05/12/2013","B","","","21/02/2018"
236434,"BO","",13912,"Mediterranea di Navigazione S.p.A.","12/01/1994","","04/12/2013","B","21/02/2018"
236434,"CO","",13912,"Mediterranea di Navigazione S.p.A.","12/01/1994","","04/12/2013","B","21/02/2018"
60373,"BO","",492993,"Messiniaki L Naftiki Eteria","13/11/2015","B","01/02/2018","B","22/02/2018"
60373,"CO","",492993,"Messiniaki L Naftiki Eteria","13/11/2015","B","01/02/2018","B","22/02/2018"
60373,"TM","",492993,"Messiniaki L Naftiki Eteria","13/11/2015","B","01/02/2018","B","22/02/2018"
151757,"RO","",48624,"Bergen Tankers AS","21/12/1996","A","04/11/2003","B","22/02/2018"
151757,"TP","",96644,"Dimitra Idiki Anonimos Naftiliaki Eteria","05/02/2004","","31/12/2008","B","22/02/2018"
151757,"BO","Y",55250,"Mamidoil-Jetoil S.A.","05/11/2003","B","","","22/02/2018"
151757,"CO","Y",7837,"Jet Tank Maritime Company","05/11/2003","B","","","22/02/2018"
390566,"TP","Y",67021,"Shell International Trading & Shipping Company Limited (STASCO)","01/05/2017","A","","","21/02/2018"
390566,"TM","Y",2927,"Chandris (Hellas) Incorporated","11/03/2009","B","","","21/02/2018"
390566,"BO","Y",28728,"Chandris Hellas Group","29/05/2015","B","","","21/02/2018"
390566,"CO","Y",2927,"Chandris (Hellas) Incorporated","29/05/2015","B","","","21/02/2018"
390566,"BO","",28728,"Chandris Hellas Group","11/03/2009","B","10/09/2011","B","21/02/2018"
390566,"CO","",2927,"Chandris (Hellas) Incorporated","11/03/2009","B","10/09/2011","B","21/02/2018"
390566,"BO","",28728,"Chandris Hellas Group","11/09/2011","B","28/05/2015","B","21/02/2018"
390566,"CO","",2927,"Chandris (Hellas) Incorporated","11/09/2011","B","28/05/2015","B","21/02/2018"
