"VESSEL ID","PSC ID","EVENT TYPE","INSPECTION PLACE","INITIAL DATE","INITIAL DATE QUALIFIER","FINAL DATE","FINAL DATE QUALIFIER","DETENTION IND","DEFICIENCIES IND","INSPECTION PRECIS","RECORD LAST UPDATED"
1158569,14250411,"PSC","St. Eustatius","15/02/2017","","","","Y","N","","22/02/2018"
372971,14250443,"PSC","Bonaire","16/02/2017","","","","Y","N","","22/02/2018"
10526447,14250463,"PSC","Bonaire","16/02/2017","","","","Y","N","","22/02/2018"
399158,14282160,"PSC","St. Eustatius","24/02/2017","","","","Y","N","","22/02/2018"
328659,14282167,"PSC","Bullen Bay","23/02/2017","","","","Y","N","","22/02/2018"
358481,14282168,"PSC","Bullen Bay","23/02/2017","","","","Y","N","","22/02/2018"
345331,14282171,"PSC","St. Eustatius","22/02/2017","","","","Y","N","","22/02/2018"
763585,14282172,"PSC","St. Eustatius","20/02/2017","","","","Y","N","","22/02/2018"
8996521,14282173,"PSC","St. Eustatius","23/02/2017","","","","Y","N","","22/02/2018"
563173,14291374,"PSC","St. Eustatius","01/03/2017","","","","Y","N","","22/02/2018"
11433,14291375,"PSC","Kingston(JAM)","22/02/2017","","","","Y","N","","22/02/2018"
350570,14319670,"PSC","St. Eustatius","06/03/2017","","","","Y","N","","22/02/2018"
371204,14319675,"PSC","Bonaire","06/03/2017","","","","Y","N","","22/02/2018"
273260,14319677,"PSC","Bonaire","07/03/2017","","","","Y","N","","22/02/2018"
284646,14344462,"PSC","Bonaire","13/03/2017","","","","Y","N","","22/02/2018"
255722,14344468,"PSC","Bonaire","16/03/2017","","","","Y","N","","22/02/2018"
350698,14344469,"PSC","Bonaire","14/03/2017","","","","Y","N","","22/02/2018"
356243,14366668,"PSC","St. Eustatius","22/03/2017","","","","Y","N","","22/02/2018"
273851,14366670,"PSC","Bonaire","21/03/2017","","","","Y","N","","22/02/2018"
314714,14403668,"PSC","Bullen Bay","05/04/2017","","","","Y","N","","22/02/2018"
6514570,14403673,"PSC","St. Eustatius","06/04/2017","","","","Y","N","","22/02/2018"
361467,14429472,"PSC","St. Eustatius","12/04/2017","","","","Y","N","","22/02/2018"
752209,14429473,"PSC","Pointe a Pitre","12/04/2017","","","","Y","N","","22/02/2018"
1756334,14429476,"PSC","St. Eustatius","07/04/2017","","","","Y","N","","22/02/2018"
338613,14459815,"PSC","St. Eustatius","20/04/2017","","","","Y","N","","22/02/2018"
360018,14459816,"PSC","Willemstad(CUW)","10/04/2017","","","","Y","N","","22/02/2018"
749022,14459824,"PSC","Bonaire","20/04/2017","","","","Y","N","","22/02/2018"
234513,14491243,"PSC","Curacao","21/04/2017","","","","Y","N","","22/02/2018"
350067,14559742,"PSC","St. Eustatius","09/05/2017","","","","Y","N","","22/02/2018"
12243548,14559749,"PSC","Fort de France","09/05/2017","","","","Y","N","","22/02/2018"
12256779,14584855,"PSC","St. Eustatius","12/05/2017","","","","Y","N","","22/02/2018"
335806,14584860,"PSC","Bonaire","12/05/2017","","","","Y","N","","22/02/2018"
9686440,14584864,"PSC","St. Eustatius","17/05/2017","","","","Y","N","","22/02/2018"
328881,14610028,"PSC","Bonaire","19/05/2017","","","","Y","N","","22/02/2018"
12256765,14610031,"PSC","St. Eustatius","22/05/2017","","","","Y","N","","22/02/2018"
4583131,14636683,"PSC","St. Eustatius","30/05/2017","","","","Y","N","","22/02/2018"
9013607,14636685,"PSC","Kingston(JAM)","27/05/2017","","","","Y","N","","22/02/2018"
328717,14636693,"PSC","St. Eustatius","26/05/2017","","","","Y","N","","22/02/2018"
748358,14636694,"PSC","St. Eustatius","29/05/2017","","","","Y","N","","22/02/2018"
10326001,14662557,"PSC","Bonaire","02/06/2017","","","","Y","N","","22/02/2018"
358309,14687904,"PSC","St. Eustatius","13/06/2017","","","","Y","N","","22/02/2018"
353880,14742244,"PSC","St. Eustatius","29/06/2017","","","","Y","N","","22/02/2018"
335879,14768915,"PSC","George Town(CYM)","05/07/2017","","","","Y","N","","22/02/2018"
355902,14768918,"PSC","St. Eustatius","03/07/2017","","","","Y","N","","22/02/2018"
755548,14793208,"PSC","Belize City","12/07/2017","","","","Y","N","","22/02/2018"
341286,14843583,"PSC","St. Eustatius","27/07/2017","","","","Y","N","","22/02/2018"
362908,14843584,"PSC","Willemstad(CUW)","06/07/2017","","","","Y","N","","22/02/2018"
339413,14868395,"PSC","Willemstad(CUW)","21/07/2017","","","","Y","N","","22/02/2018"
306485,14883740,"PSC","St. Eustatius","09/08/2017","","","","Y","N","","22/02/2018"
747613,14883744,"PSC","George Town(CYM)","09/08/2017","","","","Y","N","","22/02/2018"
301241,14883745,"PSC","St. Eustatius","07/08/2017","","","","Y","N","","22/02/2018"
314422,14883747,"PSC","St. Eustatius","04/08/2017","","","","Y","N","","22/02/2018"
12259887,14897863,"PSC","St. Eustatius","11/08/2017","","","","Y","N","","22/02/2018"
371203,14897865,"PSC","St. Eustatius","14/08/2017","","","","Y","N","","22/02/2018"
12577790,14897866,"PSC","St. Eustatius","17/08/2017","","","","Y","N","","22/02/2018"
323976,14913547,"PSC","Bonaire","24/08/2017","","","","Y","N","","22/02/2018"
625183,14913548,"PSC","Bonaire","23/08/2017","","","","Y","N","","22/02/2018"
349530,14931910,"PSC","St. Eustatius","31/08/2017","","","","Y","N","","22/02/2018"
12218313,14931912,"PSC","St. Eustatius","28/08/2017","","","","Y","N","","22/02/2018"
26253,14964850,"PSC","Nassau","04/08/2017","","","","Y","N","","22/02/2018"
350698,14998186,"PSC","Bonaire","27/09/2017","","","","Y","N","","22/02/2018"
10626182,15022338,"PSC","Paramaribo","03/10/2017","","","","Y","N","","22/02/2018"
320733,15107635,"PSC","St. Eustatius","19/10/2017","","","","Y","N","","22/02/2018"
411921,15107637,"PSC","St. Eustatius","23/10/2017","","","","Y","N","","22/02/2018"
429711,15107638,"PSC","Bonaire","19/10/2017","","","","Y","N","","22/02/2018"
287198,15107653,"PSC","Bonaire","16/10/2017","","","","Y","N","","22/02/2018"
430605,15132698,"PSC","St. Eustatius","02/11/2017","","","","Y","N","","22/02/2018"
325449,15132703,"PSC","St. Eustatius","30/10/2017","","","","Y","N","","22/02/2018"
12255843,15163459,"PSC","St. Eustatius","16/11/2017","","","","Y","N","","22/02/2018"
397605,15163462,"PSC","St. Eustatius","13/11/2017","","","","Y","N","","22/02/2018"
367424,15177968,"PSC","St. Eustatius","21/11/2017","","","","Y","N","","22/02/2018"
357889,15177970,"PSC","St. Eustatius","22/11/2017","","","","Y","N","","22/02/2018"
333027,15177989,"PSC","St. Eustatius","20/11/2017","","","","Y","N","","22/02/2018"
282595,15196579,"PSC","Bonaire","23/11/2017","","","","Y","N","","22/02/2018"
113424,15241114,"PSC","Gibraltar","30/11/2017","","","","N","Y","Detained at Gibraltar by Port State Control 30 Nov 2017. In same position 22 Feb 2018.","22/02/2018"
610818,15241124,"PSC","St. Eustatius","05/12/2017","","","","Y","N","","22/02/2018"
12545425,15261486,"PSC","Bonaire","04/12/2017","","","","Y","N","","22/02/2018"
353880,15261490,"PSC","St. Eustatius","12/12/2017","","","","Y","N","","22/02/2018"
372213,15261501,"PSC","St. Eustatius","14/12/2017","","","","Y","N","","22/02/2018"
332456,15261513,"PSC","St. Eustatius","07/12/2017","","","","Y","N","","22/02/2018"
398185,15261514,"PSC","St. Eustatius","13/12/2017","","","","Y","N","","22/02/2018"
625231,15261516,"PSC","St. Eustatius","11/12/2017","","","","Y","N","","22/02/2018"
12077851,15276607,"PSC","Taman","01/01/2018","","","","Y","N","","20/02/2018"
10308626,15276608,"PSC","Novorossiysk","31/12/2017","","","","N","N","","20/02/2018"
296142,15276609,"PSC","Taman","30/12/2017","","","","N","N","","20/02/2018"
274557,15276611,"PSC","Tuapse","29/12/2017","","","","N","N","","20/02/2018"
12241613,15276612,"PSC","Tuapse","29/12/2017","","","","N","N","","20/02/2018"
355733,15276613,"PSC","Novorossiysk","29/12/2017","","","","N","N","","20/02/2018"
10013743,15276614,"PSC","Zonguldak","29/12/2017","","","","N","N","","20/02/2018"
155014,15276615,"PSC","Taman","29/12/2017","","","","Y","N","","20/02/2018"
316282,15276616,"PSC","Tuapse","28/12/2017","","","","N","N","","20/02/2018"
9176644,15276617,"PSC","Novorossiysk","28/12/2017","","","","N","N","","20/02/2018"
336303,15276620,"PSC","Novorossiysk","28/12/2017","","","","Y","N","","20/02/2018"
286597,15276621,"PSC","Batumi","28/12/2017","","","","N","N","","20/02/2018"
342369,15276622,"PSC","Poti","28/12/2017","","","","N","N","","20/02/2018"
364109,15276623,"PSC","Taman","28/12/2017","","","","Y","N","","20/02/2018"
359659,15276624,"PSC","Tuapse","28/12/2017","","","","Y","N","","20/02/2018"
10149209,15276626,"PSC","Yuzhnyy","27/12/2017","","","","N","N","","20/02/2018"
12222997,15276627,"PSC","Yuzhnyy","27/12/2017","","","","Y","N","","20/02/2018"
264625,15276629,"PSC","Nikolayev","27/12/2017","","","","N","N","","20/02/2018"
276362,15276630,"PSC","Oktyabrsk","27/12/2017","","","","Y","N","","20/02/2018"
374066,15276632,"PSC","Novorossiysk","27/12/2017","","","","N","N","","20/02/2018"
327993,15276633,"PSC","Novorossiysk","27/12/2017","","","","Y","N","","20/02/2018"
3976974,15276634,"PSC","Taman","27/12/2017","","","","Y","N","","20/02/2018"
362690,15276635,"PSC","Taman","27/12/2017","","","","N","N","","20/02/2018"
12508859,15276636,"PSC","Taman","27/12/2017","","","","N","N","","20/02/2018"
361459,15276637,"PSC","Chornomorsk","26/12/2017","","","","Y","N","","20/02/2018"
10328177,15276638,"PSC","Chornomorsk","26/12/2017","","","","N","N","","20/02/2018"
738590,15276639,"PSC","Chornomorsk","26/12/2017","","","","N","N","","20/02/2018"
307682,15276640,"PSC","Chornomorsk","26/12/2017","","","","N","N","","20/02/2018"
302459,15276644,"PSC","Dneprobugskiy","26/12/2017","","","","N","N","","20/02/2018"
7424683,15276645,"PSC","Novorossiysk","26/12/2017","","","","Y","N","","20/02/2018"
275857,15276657,"PSC","Nikolayev","26/12/2017","","","","Y","Y","","20/02/2018"
11905447,15286444,"PSC","Taman","08/01/2018","","","","Y","N","","20/02/2018"
11004433,15286445,"PSC","Varna","08/01/2018","","","","N","N","","20/02/2018"
286270,15286452,"PSC","Taman","06/01/2018","","","","Y","N","","20/02/2018"
10517952,15286454,"PSC","Chornomorsk","05/01/2018","","","","Y","N","","20/02/2018"
270080,15286456,"PSC","Nikolayev","05/01/2018","","","","N","N","","20/02/2018"
1863397,15286458,"PSC","Tuapse","05/01/2018","","","","N","N","","20/02/2018"
392845,15286459,"PSC","Novorossiysk","05/01/2018","","","","Y","N","","20/02/2018"
164503,15286461,"PSC","Taman","05/01/2018","","","","Y","N","","20/02/2018"
390570,15286463,"PSC","Batumi","05/01/2018","","","","N","N","","20/02/2018"
365583,15286464,"PSC","Trabzon","05/01/2018","","","","Y","N","","20/02/2018"
326489,15286468,"PSC","Novorossiysk","04/01/2018","","","","N","N","","20/02/2018"
399916,15286472,"PSC","Chornomorsk","03/01/2018","","","","N","N","","20/02/2018"
345257,15286473,"PSC","Chornomorsk","03/01/2018","","","","Y","N","","20/02/2018"
10560246,15286474,"PSC","Nikolayev","03/01/2018","","","","N","N","","20/02/2018"
12050044,15286475,"PSC","Nikolayev","03/01/2018","","","","N","N","","20/02/2018"
276603,15286476,"PSC","Nikolayev","03/01/2018","","","","N","N","","20/02/2018"
12487891,15286477,"PSC","Trabzon","03/01/2018","","","","N","N","","20/02/2018"
355226,15286478,"PSC","Taman","03/01/2018","","","","N","N","","20/02/2018"
277899,15286479,"PSC","Novorossiysk","02/01/2018","","","","Y","N","","20/02/2018"
359639,15286480,"PSC","Novorossiysk","02/01/2018","","","","Y","N","","20/02/2018"
310408,15286481,"PSC","Odessa","02/01/2018","","","","N","N","","20/02/2018"
11991599,15286483,"PSC","Chornomorsk","02/01/2018","","","","Y","N","","20/02/2018"
310730,15286485,"PSC","Chornomorsk","02/01/2018","","","","N","N","","20/02/2018"
9587174,15286486,"PSC","Chornomorsk","02/01/2018","","","","N","N","","20/02/2018"
10094635,15286487,"PSC","Nikolayev","02/01/2018","","","","N","N","","20/02/2018"
11139234,15286489,"PSC","Trabzon","02/01/2018","","","","N","N","","20/02/2018"
285175,15286493,"PSC","Novorossiysk","01/01/2018","","","","N","N","","20/02/2018"
263333,15286494,"PSC","Novorossiysk","01/01/2018","","","","Y","N","","20/02/2018"
8896260,15286495,"PSC","Novorossiysk","31/12/2017","","","","Y","N","","20/02/2018"
12252352,15286496,"PSC","Novorossiysk","31/12/2017","","","","N","N","","20/02/2018"
761060,15286497,"PSC","Novorossiysk","30/12/2017","","","","Y","N","","20/02/2018"
284122,15286499,"PSC","Novorossiysk","30/12/2017","","","","Y","N","","20/02/2018"
393177,15286501,"PSC","Novorossiysk","29/12/2017","","","","Y","N","","20/02/2018"
346870,15286502,"PSC","Novorossiysk","29/12/2017","","","","Y","N","","20/02/2018"
11208269,15286503,"PSC","Novorossiysk","29/12/2017","","","","Y","N","","20/02/2018"
10256602,15286504,"PSC","Yuzhnyy","29/12/2017","","","","Y","N","","20/02/2018"
752138,15286505,"PSC","Yuzhnyy","29/12/2017","","","","N","N","","20/02/2018"
172343,15286507,"PSC","Nikolayev","29/12/2017","","","","N","N","","20/02/2018"
10095022,15286508,"PSC","Novorossiysk","28/12/2017","","","","Y","N","","20/02/2018"
361459,15286509,"PSC","Chornomorsk","28/12/2017","","","","N","N","","20/02/2018"
12209797,15286510,"PSC","Chornomorsk","28/12/2017","","","","N","N","","20/02/2018"
333756,15286512,"PSC","Dneprobugskiy","28/12/2017","","","","N","N","","20/02/2018"
12610159,15286513,"PSC","Nikolayev","28/12/2017","","","","N","N","","20/02/2018"
302908,15286515,"PSC","Odessa","26/12/2017","","","","N","N","","20/02/2018"
9636190,15286516,"PSC","Odessa","26/12/2017","","","","N","N","","20/02/2018"
315805,15306233,"PSC","Novorossiysk","12/01/2018","","15/01/2018","","Y","Y","","20/02/2018"
344321,15306236,"PSC","Tuapse","10/01/2018","","","","Y","Y","","20/02/2018"
355959,15306237,"PSC","Novorossiysk","08/01/2018","","10/01/2018","","Y","Y","","20/02/2018"
279656,15306238,"PSC","Novorossiysk","05/01/2018","","08/01/2018","","Y","Y","","20/02/2018"
245074,15306240,"PSC","Novorossiysk","01/01/2018","","07/01/2018","","Y","Y","","20/02/2018"
351041,15306241,"PSC","Nikolayev","15/01/2018","","","","Y","N","","20/02/2018"
294987,15306242,"PSC","Odessa","15/01/2018","","","","N","N","","20/02/2018"
303552,15306245,"PSC","Oktyabrsk","15/01/2018","","","","N","N","","20/02/2018"
11006396,15306246,"PSC","Dneprobugskiy","15/01/2018","","","","N","N","","20/02/2018"
396627,15306249,"PSC","Taman","15/01/2018","","","","Y","N","","20/02/2018"
11905441,15306250,"PSC","Taman","15/01/2018","","","","N","N","","20/02/2018"
224212,15306251,"PSC","Varna","15/01/2018","","","","Y","N","","20/02/2018"
10998186,15306252,"PSC","Bourgas","15/01/2018","","","","N","N","","20/02/2018"
358309,15306253,"PSC","Taman","15/01/2018","","","","Y","N","","20/02/2018"
10528156,15306258,"PSC","Novorossiysk","14/01/2018","","","","N","N","","20/02/2018"
332454,15306259,"PSC","Novorossiysk","14/01/2018","","","","Y","N","","20/02/2018"
473476,15306261,"PSC","Novorossiysk","13/01/2018","","","","N","N","","20/02/2018"
276308,15306262,"PSC","Novorossiysk","13/01/2018","","","","Y","N","","20/02/2018"
351823,15306264,"PSC","Odessa","12/01/2018","","","","N","N","","20/02/2018"
1863399,15306269,"PSC","Nikolayev","12/01/2018","","","","N","N","","20/02/2018"
307869,15306276,"PSC","Chornomorsk","11/01/2018","","","","N","N","","20/02/2018"
344358,15306277,"PSC","Nikolayev","11/01/2018","","","","N","N","","20/02/2018"
9708791,15306279,"PSC","Nikolayev","11/01/2018","","","","N","N","","20/02/2018"
754126,15306280,"PSC","Tuapse","11/01/2018","","","","Y","N","","20/02/2018"
363190,15306285,"PSC","Batumi","11/01/2018","","","","Y","N","","20/02/2018"
399510,15306286,"PSC","Novorossiysk","11/01/2018","","","","N","N","","20/02/2018"
11914432,15306287,"PSC","Novorossiysk","11/01/2018","","","","N","N","","20/02/2018"
365638,15306293,"PSC","Chornomorsk","10/01/2018","","","","N","N","","20/02/2018"
371202,15306295,"PSC","Tuapse","10/01/2018","","","","N","N","","20/02/2018"
276224,15306297,"PSC","Odessa","10/01/2018","","","","N","N","","20/02/2018"
6476225,15306300,"PSC","Novorossiysk","10/01/2018","","","","Y","N","","20/02/2018"
306194,15306301,"PSC","Novorossiysk","10/01/2018","","","","Y","N","","20/02/2018"
370243,15306302,"PSC","Novorossiysk","10/01/2018","","","","N","N","","20/02/2018"
11897681,15306308,"PSC","Taman","10/01/2018","","","","N","N","","20/02/2018"
307962,15306310,"PSC","Chornomorsk","09/01/2018","","","","N","N","","20/02/2018"
10996610,15306317,"PSC","Dneprobugskiy","09/01/2018","","","","N","N","","20/02/2018"
357532,15306320,"PSC","Nikolayev","09/01/2018","","","","N","N","","20/02/2018"
268334,15306325,"PSC","Tuapse","09/01/2018","","","","Y","N","","20/02/2018"
12247567,15306326,"PSC","Novorossiysk","09/01/2018","","","","N","N","","20/02/2018"
355959,15306329,"PSC","Novorossiysk","07/01/2018","","","","Y","N","","20/02/2018"
10996606,15306333,"PSC","Novorossiysk","04/01/2018","","","","Y","N","","20/02/2018"
1350568,15306334,"PSC","Novorossiysk","03/01/2018","","","","Y","N","","20/02/2018"
1405959,15306335,"PSC","Novorossiysk","03/01/2018","","","","Y","N","","20/02/2018"
9516053,15306336,"PSC","Novorossiysk","03/01/2018","","","","Y","N","","20/02/2018"
10998256,15306338,"PSC","Novorossiysk","01/01/2018","","","","Y","N","","20/02/2018"
221055,15323693,"PSC","Batumi","22/01/2018","","","","N","N","","20/02/2018"
154617,15323698,"PSC","Poti","22/01/2018","","","","Y","N","","20/02/2018"
271082,15323700,"PSC","Novorossiysk","21/01/2018","","","","Y","N","","20/02/2018"
7327598,15323701,"PSC","Novorossiysk","21/01/2018","","","","Y","N","","20/02/2018"
355728,15323702,"PSC","Tuapse","21/01/2018","","","","Y","N","","20/02/2018"
12237686,15323703,"PSC","Novorossiysk","21/01/2018","","","","N","N","","20/02/2018"
10095014,15323705,"PSC","Novorossiysk","20/01/2018","","","","Y","N","","20/02/2018"
276721,15323707,"PSC","Novorossiysk","20/01/2018","","","","N","N","","20/02/2018"
153343,15323709,"PSC","Constantza","20/01/2018","","","","Y","N","","20/02/2018"
12107805,15323710,"PSC","Nikolayev","19/01/2018","","","","Y","N","","20/02/2018"
3608211,15323711,"PSC","Yuzhnyy","19/01/2018","","","","N","N","","20/02/2018"
321762,15323713,"PSC","Nikolayev","19/01/2018","","","","N","N","","20/02/2018"
388678,15323714,"PSC","Novorossiysk","19/01/2018","","","","Y","N","","20/02/2018"
762537,15323719,"PSC","Chornomorsk","18/01/2018","","","","N","N","","20/02/2018"
1067514,15323720,"PSC","Odessa","18/01/2018","","","","Y","N","","20/02/2018"
356018,15323721,"PSC","Odessa","18/01/2018","","","","N","N","","20/02/2018"
273959,15323724,"PSC","Kherson","18/01/2018","","","","N","N","","20/02/2018"
278070,15323728,"PSC","Batumi","18/01/2018","","","","Y","N","","20/02/2018"
4534131,15323729,"PSC","Odessa","17/01/2018","","","","N","N","","20/02/2018"
10095011,15323731,"PSC","Yuzhnyy","17/01/2018","","","","Y","N","","20/02/2018"
344422,15323732,"PSC","Nikolayev","17/01/2018","","","","N","N","","20/02/2018"
319247,15323737,"PSC","Trabzon","17/01/2018","","","","Y","N","","20/02/2018"
363204,15323739,"PSC","Novorossiysk","17/01/2018","","","","Y","N","","20/02/2018"
10093748,15323740,"PSC","Novorossiysk","17/01/2018","","","","Y","N","","20/02/2018"
373493,15323742,"PSC","Kulevi","17/01/2018","","","","N","N","","20/02/2018"
351041,15323743,"PSC","Nikolayev","16/01/2018","","","","N","N","","20/02/2018"
9178254,15323744,"PSC","Chornomorsk","16/01/2018","","","","Y","N","","20/02/2018"
11176662,15323746,"PSC","Nikolayev","16/01/2018","","","","N","N","","20/02/2018"
10998803,15323748,"PSC","Novorossiysk","16/01/2018","","","","N","N","","20/02/2018"
288278,15323749,"PSC","Tuapse","16/01/2018","","","","Y","N","","20/02/2018"
276721,15323750,"PSC","Novorossiysk","16/01/2018","","","","Y","N","","20/02/2018"
612820,15323752,"PSC","Novorossiysk","16/01/2018","","","","N","N","","20/02/2018"
12077846,15323754,"PSC","Tuapse","16/01/2018","","","","Y","N","","20/02/2018"
10580421,15323757,"PSC","Chornomorsk","15/01/2018","","","","N","N","","20/02/2018"
253432,15323758,"PSC","Yuzhnyy","15/01/2018","","","","Y","N","","20/02/2018"
366430,15323759,"PSC","Novorossiysk","15/01/2018","","","","Y","N","","20/02/2018"
11872528,15323760,"PSC","Novorossiysk","15/01/2018","","","","N","N","","20/02/2018"
10328059,15323938,"PSC","St. Eustatius","11/01/2018","","","","Y","N","","22/02/2018"
352414,15323939,"PSC","St. Eustatius","09/01/2018","","","","Y","N","","22/02/2018"
311523,15341222,"PSC","Tuapse","26/01/2018","","","","Y","Y","","20/02/2018"
280843,15341223,"PSC","Novorossiysk","26/01/2018","","28/01/2018","","Y","Y","","20/02/2018"
111565,15341226,"PSC","Novorossiysk","23/01/2018","","24/01/2018","","Y","Y","","20/02/2018"
12722588,15341232,"PSC","Zonguldak","29/01/2018","","","","N","N","","20/02/2018"
210541,15341236,"PSC","Varna","29/01/2018","","","","Y","N","","20/02/2018"
12254748,15341237,"PSC","Zonguldak","29/01/2018","","","","N","N","","20/02/2018"
12235567,15341238,"PSC","Taman","29/01/2018","","","","N","N","","20/02/2018"
332295,15341239,"PSC","Novorossiysk","28/01/2018","","","","N","N","","20/02/2018"
12590654,15341240,"PSC","Kulevi","27/01/2018","","","","N","N","","20/02/2018"
10529954,15341242,"PSC","Novorossiysk","26/01/2018","","","","Y","N","","20/02/2018"
10083575,15341243,"PSC","Novorossiysk","26/01/2018","","","","N","N","","20/02/2018"
285021,15341244,"PSC","Novorossiysk","26/01/2018","","","","Y","N","","20/02/2018"
378045,15341246,"PSC","Novorossiysk","26/01/2018","","","","N","N","","20/02/2018"
7286583,15341248,"PSC","Taman","26/01/2018","","","","Y","N","","20/02/2018"
12235971,15341249,"PSC","Taman","26/01/2018","","","","N","N","","20/02/2018"
10308630,15341250,"PSC","Odessa","25/01/2018","","","","N","N","","20/02/2018"
350435,15341252,"PSC","Nikolayev","25/01/2018","","","","N","N","","20/02/2018"
279032,15341254,"PSC","Novorossiysk","25/01/2018","","","","Y","N","","20/02/2018"
311542,15341255,"PSC","Novorossiysk","25/01/2018","","","","Y","N","","20/02/2018"
1404674,15341258,"PSC","Novorossiysk","25/01/2018","","","","Y","N","","20/02/2018"
12759805,15341259,"PSC","Tuapse","25/01/2018","","","","Y","N","","20/02/2018"
11030647,15341260,"PSC","Kulevi","25/01/2018","","","","N","N","","20/02/2018"
10459359,15341261,"PSC","Taman","25/01/2018","","","","N","N","","20/02/2018"
217751,15341262,"PSC","Kerch","25/01/2018","","","","Y","N","","20/02/2018"
351385,15341264,"PSC","Odessa","24/01/2018","","","","N","N","","20/02/2018"
12257680,15341265,"PSC","Odessa","24/01/2018","","","","N","N","","20/02/2018"
1073314,15341268,"PSC","Chornomorsk","24/01/2018","","","","N","N","","20/02/2018"
12222981,15341269,"PSC","Chornomorsk","24/01/2018","","","","N","N","","20/02/2018"
8845395,15341270,"PSC","Nikolayev","24/01/2018","","","","Y","N","","20/02/2018"
747708,15341272,"PSC","Novorossiysk","24/01/2018","","","","Y","N","","20/02/2018"
10996610,15341276,"PSC","Tuapse","24/01/2018","","","","Y","N","","20/02/2018"
345789,15341277,"PSC","Taman","24/01/2018","","","","N","N","","20/02/2018"
276143,15341279,"PSC","Yuzhnyy","23/01/2018","","","","Y","N","","20/02/2018"
308466,15341280,"PSC","Yuzhnyy","23/01/2018","","","","Y","N","","20/02/2018"
372366,15341281,"PSC","Yuzhnyy","23/01/2018","","","","N","N","","20/02/2018"
12035061,15341283,"PSC","Poti","23/01/2018","","","","N","N","","20/02/2018"
11929704,15341284,"PSC","Nikolayev","23/01/2018","","","","N","N","","20/02/2018"
276229,15341285,"PSC","Tuapse","23/01/2018","","","","Y","N","","20/02/2018"
390218,15341287,"PSC","Taman","23/01/2018","","","","Y","N","","20/02/2018"
251436,15341288,"PSC","Hopa","23/01/2018","","","","Y","N","","20/02/2018"
10517953,15341289,"PSC","Tuapse","23/01/2018","","","","Y","N","","20/02/2018"
351696,15341290,"PSC","Taman","23/01/2018","","","","N","N","","20/02/2018"
12223036,15341292,"PSC","Yuzhnyy","22/01/2018","","","","N","N","","20/02/2018"
390856,15341293,"PSC","Novorossiysk","22/01/2018","","","","Y","N","","20/02/2018"
282713,15341296,"PSC","Yuzhnyy","22/01/2018","","","","N","N","","20/02/2018"
307117,15341297,"PSC","Nikolayev","22/01/2018","","","","Y","N","","20/02/2018"
279395,15341298,"PSC","Nikolayev","22/01/2018","","","","N","N","","20/02/2018"
408163,15341303,"PSC","Tuapse","22/01/2018","","","","Y","N","","20/02/2018"
281457,15341304,"PSC","Nikolayev","22/01/2018","","","","N","N","","20/02/2018"
627718,15341305,"PSC","Novorossiysk","22/01/2018","","","","Y","N","","20/02/2018"
351837,15341306,"PSC","Novorossiysk","22/01/2018","","","","N","N","","20/02/2018"
368146,15341307,"PSC","Taman","22/01/2018","","","","Y","N","","20/02/2018"
10024218,15341308,"PSC","Tuapse","21/01/2018","","","","Y","N","","20/02/2018"
253432,15341311,"PSC","Yuzhnyy","17/01/2018","","","","N","N","","20/02/2018"
11057285,15341312,"PSC","Yuzhnyy","15/01/2018","","","","N","N","","20/02/2018"
12239400,15341313,"PSC","Yuzhnyy","15/01/2018","","","","N","N","","20/02/2018"
10742121,15360754,"PSC","Novorossiysk","30/01/2018","","01/02/2018","","Y","Y","","20/02/2018"
590175,15360762,"PSC","Novorossiysk","02/02/2018","","05/02/2018","","Y","Y","","20/02/2018"
324984,15360763,"PSC","Novorossiysk","01/02/2018","","02/02/2018","","Y","Y","","20/02/2018"
264313,15360766,"PSC","Novorossiysk","03/02/2018","","","","Y","N","","20/02/2018"
1093677,15360767,"PSC","Tuapse","03/02/2018","","","","Y","N","","20/02/2018"
10528145,15360768,"PSC","Novorossiysk","03/02/2018","","","","N","N","","20/02/2018"
340717,15360769,"PSC","Tuapse","02/02/2018","","","","Y","N","","20/02/2018"
11139219,15360770,"PSC","Trabzon","02/02/2018","","","","Y","N","","20/02/2018"
9660135,15360771,"PSC","Nikolayev","02/02/2018","","","","Y","N","","20/02/2018"
12259810,15360772,"PSC","Chornomorsk","02/02/2018","","","","N","N","","20/02/2018"
353585,15360773,"PSC","Nikolayev","02/02/2018","","","","Y","N","","20/02/2018"
3283075,15360774,"PSC","Nikolayev","02/02/2018","","","","Y","N","","20/02/2018"
1458110,15360775,"PSC","Nikolayev","02/02/2018","","","","N","N","","20/02/2018"
9708795,15360776,"PSC","Nikolayev","02/02/2018","","","","N","N","","20/02/2018"
123017,15360778,"PSC","Giresun","02/02/2018","","","","Y","N","","20/02/2018"
410805,15360780,"PSC","Zonguldak","02/02/2018","","","","N","N","","20/02/2018"
367133,15360781,"PSC","Zonguldak","02/02/2018","","","","N","N","","20/02/2018"
600985,15360782,"PSC","Batumi","02/02/2018","","","","Y","N","","20/02/2018"
10010803,15360784,"PSC","Chornomorsk","01/02/2018","","","","Y","N","","20/02/2018"
352030,15360785,"PSC","Chornomorsk","01/02/2018","","","","N","N","","20/02/2018"
354957,15360789,"PSC","Odessa","01/02/2018","","","","N","N","","20/02/2018"
356591,15360790,"PSC","Nikolayev","01/02/2018","","","","N","N","","20/02/2018"
11929281,15360792,"PSC","Yuzhnyy","31/01/2018","","","","N","N","","20/02/2018"
290874,15360795,"PSC","Yuzhnyy","31/01/2018","","","","N","N","","20/02/2018"
10998180,15360796,"PSC","Novorossiysk","31/01/2018","","","","Y","N","","20/02/2018"
10086878,15360797,"PSC","Nikolayev","31/01/2018","","","","N","N","","20/02/2018"
387470,15360798,"PSC","Nikolayev","31/01/2018","","","","N","N","","20/02/2018"
8865329,15360799,"PSC","Tuapse","31/01/2018","","","","Y","N","","20/02/2018"
10046589,15360800,"PSC","Tuapse","31/01/2018","","","","Y","N","","20/02/2018"
325333,15360801,"PSC","Novorossiysk","31/01/2018","","","","Y","N","","20/02/2018"
374067,15360805,"PSC","Novorossiysk","31/01/2018","","","","N","N","","20/02/2018"
8301804,15360806,"PSC","Yuzhnyy","30/01/2018","","","","Y","N","","20/02/2018"
294850,15360809,"PSC","Tuapse","30/01/2018","","","","Y","N","","20/02/2018"
355769,15360810,"PSC","Novorossiysk","30/01/2018","","","","Y","N","","20/02/2018"
5004214,15360812,"PSC","Novorossiysk","30/01/2018","","","","Y","N","","20/02/2018"
12331008,15360813,"PSC","Kherson","29/01/2018","","","","N","N","","20/02/2018"
348698,15360815,"PSC","Odessa","29/01/2018","","","","N","N","","20/02/2018"
275857,15360816,"PSC","Nikolayev","29/01/2018","","","","N","N","","20/02/2018"
10656271,15360817,"PSC","Novorossiysk","29/01/2018","","","","Y","N","","20/02/2018"
329577,15360820,"PSC","Novorossiysk","29/01/2018","","","","Y","N","","20/02/2018"
3744412,15360821,"PSC","Novorossiysk","29/01/2018","","","","Y","N","","20/02/2018"
411526,15360822,"PSC","Odessa","29/01/2018","","","","N","N","","20/02/2018"
7875513,15360823,"PSC","Odessa","29/01/2018","","","","N","N","","20/02/2018"
406954,15360824,"PSC","Nikolayev","29/01/2018","","","","N","N","","20/02/2018"
358121,15360825,"PSC","Nikolayev","29/01/2018","","","","N","N","","20/02/2018"
9700444,15360829,"PSC","Yuzhnyy","26/01/2018","","","","Y","N","","20/02/2018"
12050344,15360830,"PSC","Yuzhnyy","26/01/2018","","","","Y","N","","20/02/2018"
135006,15360831,"PSC","Yuzhnyy","26/01/2018","","","","Y","N","","20/02/2018"
350436,15360833,"PSC","Chornomorsk","26/01/2018","","","","N","N","","20/02/2018"
284875,15360835,"PSC","Nikolayev","26/01/2018","","","","N","N","","20/02/2018"
10996577,15360836,"PSC","Nikolayev","26/01/2018","","","","N","N","","20/02/2018"
273829,15360837,"PSC","Chornomorsk","25/01/2018","","","","Y","N","","20/02/2018"
12077916,15360838,"PSC","Yuzhnyy","25/01/2018","","","","Y","N","","20/02/2018"
349998,15360839,"PSC","Yuzhnyy","25/01/2018","","","","N","N","","20/02/2018"
12209758,15360840,"PSC","Yuzhnyy","22/01/2018","","","","Y","N","","20/02/2018"
346917,15373317,"PSC","Novorossiysk","08/02/2018","","","","Y","Y","","20/02/2018"
10997508,15373320,"PSC","Tuapse","05/02/2018","","","","Y","Y","","20/02/2018"
761456,15373324,"PSC","Kulevi","12/02/2018","","","","N","N","","20/02/2018"
12218305,15373326,"PSC","Zonguldak","12/02/2018","","","","N","N","","20/02/2018"
12237212,15373327,"PSC","Zonguldak","12/02/2018","","","","N","N","","20/02/2018"
255612,15373330,"PSC","Batumi","12/02/2018","","","","Y","N","","20/02/2018"
355727,15373331,"PSC","Novorossiysk","12/02/2018","","","","N","N","","20/02/2018"
2665455,15373332,"PSC","Novorossiysk","11/02/2018","","","","Y","N","","20/02/2018"
12441851,15373333,"PSC","Taman","11/02/2018","","","","N","N","","20/02/2018"
322264,15373337,"PSC","Taman","10/02/2018","","","","Y","N","","20/02/2018"
325312,15373338,"PSC","Novorossiysk","10/02/2018","","","","Y","N","","20/02/2018"
351944,15373339,"PSC","Novorossiysk","10/02/2018","","","","N","N","","20/02/2018"
332034,15373341,"PSC","Tuapse","09/02/2018","","","","Y","N","","20/02/2018"
339463,15373342,"PSC","Nikolayev","09/02/2018","","","","N","N","","20/02/2018"
12203993,15373343,"PSC","Novorossiysk","09/02/2018","","","","N","N","","20/02/2018"
1942852,15373344,"PSC","Taman","09/02/2018","","","","Y","N","","20/02/2018"
10151686,15373345,"PSC","Novorossiysk","09/02/2018","","","","Y","N","","20/02/2018"
317662,15373346,"PSC","Novorossiysk","09/02/2018","","","","Y","N","","20/02/2018"
763048,15373349,"PSC","Novorossiysk","09/02/2018","","","","N","N","","20/02/2018"
12117360,15373351,"PSC","Poti","08/02/2018","","","","Y","N","","20/02/2018"
286465,15373352,"PSC","Yuzhnyy","08/02/2018","","","","Y","N","","20/02/2018"
12236384,15373353,"PSC","Yuzhnyy","08/02/2018","","","","N","N","","20/02/2018"
202361,15373354,"PSC","Nikolayev","08/02/2018","","","","N","N","","20/02/2018"
458787,15373356,"PSC","Novorossiysk","08/02/2018","","","","Y","N","","20/02/2018"
346934,15373357,"PSC","Novorossiysk","08/02/2018","","","","N","N","","20/02/2018"
12239420,15373361,"PSC","Chornomorsk","07/02/2018","","","","Y","N","","20/02/2018"
11821794,15373362,"PSC","Yuzhnyy","07/02/2018","","","","N","N","","20/02/2018"
4047588,15373363,"PSC","Novorossiysk","07/02/2018","","","","Y","N","","20/02/2018"
9638606,15373365,"PSC","Novorossiysk","07/02/2018","","","","Y","N","","20/02/2018"
348045,15373366,"PSC","Novorossiysk","07/02/2018","","","","N","N","","20/02/2018"
9419771,15373367,"PSC","Nikolayev","07/02/2018","","","","N","N","","20/02/2018"
393156,15373368,"PSC","Nikolayev","07/02/2018","","","","N","N","","20/02/2018"
361650,15373369,"PSC","Novorossiysk","07/02/2018","","","","N","N","","20/02/2018"
329400,15373370,"PSC","Batumi","07/02/2018","","","","Y","N","","20/02/2018"
10070478,15373372,"PSC","Taman","07/02/2018","","","","N","N","","20/02/2018"
306975,15373373,"PSC","Odessa","06/02/2018","","","","Y","N","","20/02/2018"
11017188,15373374,"PSC","Odessa","06/02/2018","","","","N","N","","20/02/2018"
296141,15373376,"PSC","Eregli","06/02/2018","","","","Y","N","","20/02/2018"
11821668,15373378,"PSC","Yuzhnyy","06/02/2018","","","","N","N","","20/02/2018"
8924422,15373380,"PSC","Odessa","06/02/2018","","","","N","N","","20/02/2018"
11888271,15373381,"PSC","Odessa","06/02/2018","","","","N","N","","20/02/2018"
325407,15373383,"PSC","Nikolayev","06/02/2018","","","","N","N","","20/02/2018"
1634362,15373384,"PSC","Nikolayev","06/02/2018","","","","N","N","","20/02/2018"
12472932,15373385,"PSC","Novorossiysk","06/02/2018","","","","N","N","","20/02/2018"
12035250,15373386,"PSC","Taman","06/02/2018","","","","Y","N","","20/02/2018"
355957,15373387,"PSC","Tuapse","06/02/2018","","","","Y","N","","20/02/2018"
756781,15373388,"PSC","Tuapse","06/02/2018","","","","Y","N","","20/02/2018"
11069914,15373391,"PSC","Taman","06/02/2018","","","","N","N","","20/02/2018"
236434,15373393,"PSC","Chornomorsk","05/02/2018","","","","Y","N","","20/02/2018"
279517,15373396,"PSC","Odessa","05/02/2018","","","","Y","N","","20/02/2018"
11230969,15373397,"PSC","Nikolayev","05/02/2018","","","","N","N","","20/02/2018"
10326006,15373398,"PSC","Nikolayev","05/02/2018","","","","N","N","","20/02/2018"
287544,15373399,"PSC","Nikolayev","05/02/2018","","","","N","N","","20/02/2018"
350434,15373400,"PSC","Nikolayev","05/02/2018","","","","N","N","","20/02/2018"
10237589,15373401,"PSC","Nikolayev","05/02/2018","","","","N","N","","20/02/2018"
12237232,15373404,"PSC","Novorossiysk","05/02/2018","","","","Y","N","","20/02/2018"
11905440,15373405,"PSC","Novorossiysk","05/02/2018","","","","N","N","","20/02/2018"
10302021,15373406,"PSC","Novorossiysk","05/02/2018","","","","Y","N","","20/02/2018"
12404971,15373407,"PSC","Yuzhnyy","02/02/2018","","","","Y","N","","20/02/2018"
10308526,15373408,"PSC","Novorossiysk","30/01/2018","","","","Y","N","","20/02/2018"
610986,15380372,"PSC","Degrad des Cannes","19/01/2018","","","","Y","N","","22/02/2018"
399158,15380374,"PSC","St. Eustatius","05/02/2018","","","","Y","N","","22/02/2018"
278884,15380378,"PSC","Bonaire","26/01/2018","","","","Y","N","","22/02/2018"
3690700,15380379,"PSC","Kingston(JAM)","06/02/2018","","06/02/2018","","Y","Y","","22/02/2018"
357472,15380383,"PSC","St. Eustatius","24/01/2018","","","","Y","N","","22/02/2018"
749022,15380384,"PSC","Bonaire","31/01/2018","","","","Y","N","","22/02/2018"
328881,15380386,"PSC","Bonaire","22/01/2018","","","","Y","N","","22/02/2018"
10567835,15392851,"PSC","Haldia","06/02/2018","","","","Y","N","","20/02/2018"
273023,15392852,"PSC","Asaluyeh Terminal","06/02/2018","","","","Y","N","","20/02/2018"
3690923,15392853,"PSC","Visakhapatnam","07/02/2018","","","","Y","N","","20/02/2018"
325432,15392854,"PSC","Asaluyeh Terminal","08/02/2018","","","","N","N","","20/02/2018"
11028787,15392860,"PSC","Mormugao","12/02/2018","","","","Y","N","","20/02/2018"
397326,15392861,"PSC","Mangalore","12/02/2018","","","","N","N","","20/02/2018"
362825,15392862,"PSC","Chittagong","12/02/2018","","","","Y","N","","20/02/2018"
12236431,15392863,"PSC","Visakhapatnam","13/02/2018","","","","N","N","","20/02/2018"
362890,15392865,"PSC","Mombasa","13/02/2018","","","","N","N","","20/02/2018"
610991,15392866,"PSC","Mombasa","13/02/2018","","","","Y","N","","20/02/2018"
8896258,15392870,"PSC","Visakhapatnam","14/02/2018","","","","Y","N","","20/02/2018"
760212,15392871,"PSC","Kolkata","14/02/2018","","","","Y","N","","20/02/2018"
12247560,15392872,"PSC","Kochi(IND)","14/02/2018","","","","N","N","","20/02/2018"
276837,15392873,"PSC","Mombasa","14/02/2018","","","","Y","N","","20/02/2018"
10514777,15392875,"PSC","Mombasa","14/02/2018","","","","N","N","","20/02/2018"
123647,15392876,"PSC","Suakin","14/02/2018","","","","Y","N","","20/02/2018"
9772563,15392877,"PSC","Mombasa","15/02/2018","","","","N","N","","20/02/2018"
343984,15392879,"PSC","Mombasa","16/02/2018","","","","N","N","","20/02/2018"
741819,15392881,"PSC","Mombasa","19/02/2018","","","","N","N","","20/02/2018"
9053271,15392882,"PSC","Mombasa","19/02/2018","","","","N","N","","20/02/2018"
11896633,15392883,"PSC","Mombasa","19/02/2018","","","","N","N","","20/02/2018"
285268,15392884,"PSC","Bandar Imam Khomeini","31/01/2018","","","","Y","N","","20/02/2018"
314863,15392887,"PSC","Brunsbuttel","16/02/2018","","","","Y","N","","20/02/2018"
12416085,15392889,"PSC","Liverpool","18/02/2018","","","","N","N","","20/02/2018"
350436,15392891,"PSC","Cartagena(ESP)","12/02/2018","","","","N","N","","20/02/2018"
338553,15392895,"PSC","Malmo","16/02/2018","","","","N","N","","20/02/2018"
355227,15392896,"PSC","Belfast","17/02/2018","","","","Y","N","","20/02/2018"
277337,15392897,"PSC","Belfast","16/02/2018","","","","N","N","","20/02/2018"
1739657,15392898,"PSC","Hamburg","17/02/2018","","","","Y","N","","20/02/2018"
173233,15392899,"PSC","Cuxhaven","17/02/2018","","","","Y","N","","20/02/2018"
303115,15392901,"PSC","Trelleborg","21/01/2018","","","","Y","N","","20/02/2018"
320603,15392902,"PSC","Kavkaz","16/02/2018","","","","Y","N","","20/02/2018"
111244,15392903,"PSC","Gdansk","17/02/2018","","","","N","N","","20/02/2018"
1336841,15392905,"PSC","Gdansk","17/02/2018","","","","N","N","","20/02/2018"
2665456,15392906,"PSC","Tilbury","17/02/2018","","","","N","N","","20/02/2018"
366091,15392907,"PSC","Santa Panagia","17/02/2018","","","","N","N","","20/02/2018"
152743,15392909,"PSC","Temryuk","17/02/2018","","","","Y","N","","20/02/2018"
277202,15392911,"PSC","Aveiro","17/02/2018","","","","N","N","","20/02/2018"
353804,15392913,"PSC","Nantes","18/02/2018","","","","N","N","","20/02/2018"
303379,15392919,"PSC","Porto Vesme","19/02/2018","","","","Y","N","","20/02/2018"
610931,15392923,"PSC","Fawley","16/02/2018","","","","Y","N","","20/02/2018"
302696,15392926,"PSC","Dublin","19/02/2018","","","","N","N","","20/02/2018"
325086,15392928,"PSC","Rouen","19/02/2018","","","","N","N","","20/02/2018"
749573,15392929,"PSC","Ploce","19/02/2018","","","","N","N","","20/02/2018"
10239261,15392931,"PSC","Aughinish Is.","19/02/2018","","","","N","N","","20/02/2018"
9779180,15392932,"PSC","Genoa","19/02/2018","","","","Y","N","","20/02/2018"
388893,15392934,"PSC","Gibraltar","19/02/2018","","","","N","N","","20/02/2018"
345102,15392937,"PSC","Vancouver(CAN)","09/02/2018","","","","Y","N","","20/02/2018"
431733,15392938,"PSC","Port Alfred","12/02/2018","","","","N","N","","20/02/2018"
363021,15392939,"PSC","Klaipeda","14/02/2018","","","","N","N","","20/02/2018"
1333227,15392940,"PSC","Gothenburg","10/02/2018","","","","Y","N","","20/02/2018"
11016648,15392941,"PSC","Port Hedland","19/02/2018","","","","N","N","","20/02/2018"
344105,15392945,"PSC","Hay Point","19/02/2018","","","","Y","N","","20/02/2018"
353573,15392946,"PSC","Burnie","19/02/2018","","","","N","N","","20/02/2018"
473437,15392947,"PSC","Gladstone","19/02/2018","","","","Y","N","","20/02/2018"
10215497,15392950,"PSC","Gladstone","16/02/2018","","","","Y","N","","20/02/2018"
291876,15392952,"PSC","Newcastle(AUS)","19/02/2018","","","","Y","N","","20/02/2018"
303763,15392953,"PSC","Sydney","19/02/2018","","","","Y","N","","20/02/2018"
11406600,15392955,"PSC","Fremantle","16/02/2018","","","","Y","N","","20/02/2018"
349469,15392957,"PSC","Hay Point","19/02/2018","","","","N","N","","20/02/2018"
302944,15395633,"PSC","Novorossiysk","16/02/2018","","17/02/2018","","Y","Y","","20/02/2018"
12331258,15395636,"PSC","Novorossiysk","12/02/2018","","13/02/2018","","Y","Y","","20/02/2018"
10056291,15395637,"PSC","Tuapse","08/02/2018","","","","Y","Y","","20/02/2018"
408504,15395640,"PSC","Taman","19/02/2018","","","","Y","","","20/02/2018"
357878,15395641,"PSC","Taman","19/02/2018","","","","Y","","","20/02/2018"
12218244,15395642,"PSC","Taman","19/02/2018","","","","N","","","20/02/2018"
7806190,15395643,"PSC","Tuapse","19/02/2018","","","","Y","","","20/02/2018"
12218346,15395645,"PSC","Novorossiysk","18/02/2018","","","","Y","","","20/02/2018"
282379,15395646,"PSC","Novorossiysk","18/02/2018","","","","Y","","","20/02/2018"
315590,15395647,"PSC","Novorossiysk","18/02/2018","","","","N","","","20/02/2018"
275437,15395648,"PSC","Novorossiysk","18/02/2018","","","","Y","","","20/02/2018"
396616,15395649,"PSC","Novorossiysk","18/02/2018","","","","N","","","20/02/2018"
749021,15395650,"PSC","Tuapse","18/02/2018","","","","N","","","20/02/2018"
366437,15395651,"PSC","Taman","17/02/2018","","","","Y","","","20/02/2018"
356593,15395654,"PSC","Tuapse","16/02/2018","","","","Y","","","20/02/2018"
10457975,15395655,"PSC","Novorossiysk","16/02/2018","","","","N","","","20/02/2018"
363491,15395656,"PSC","Taman","15/02/2018","","","","Y","","","20/02/2018"
282123,15395658,"PSC","Nikolayev","15/02/2018","","","","N","","","20/02/2018"
222606,15395660,"PSC","Nikolayev","15/02/2018","","","","N","","","20/02/2018"
366395,15395661,"PSC","Nikolayev","15/02/2018","","","","N","","","20/02/2018"
350256,15395665,"PSC","Novorossiysk","15/02/2018","","","","Y","","","20/02/2018"
10682302,15395666,"PSC","Tuapse","15/02/2018","","","","Y","","","20/02/2018"
728634,15395667,"PSC","Tuapse","15/02/2018","","","","Y","","","20/02/2018"
250071,15395669,"PSC","Taman","15/02/2018","","","","Y","","","20/02/2018"
12589288,15395670,"PSC","Taman","15/02/2018","","","","Y","","","20/02/2018"
9822776,15395671,"PSC","Batumi","15/02/2018","","","","Y","","","20/02/2018"
10323989,15395672,"PSC","Zonguldak","15/02/2018","","","","N","","","20/02/2018"
10620491,15395673,"PSC","Kherson","14/02/2018","","","","N","","","20/02/2018"
1322212,15395674,"PSC","Odessa","14/02/2018","","","","N","","","20/02/2018"
763063,15395676,"PSC","Nikolayev","14/02/2018","","","","N","","","20/02/2018"
306963,15395678,"PSC","Tuapse","14/02/2018","","","","Y","","","20/02/2018"
747710,15395679,"PSC","Novorossiysk","14/02/2018","","","","Y","","","20/02/2018"
12331181,15395680,"PSC","Novorossiysk","14/02/2018","","","","N","","","20/02/2018"
368127,15395682,"PSC","Tuapse","14/02/2018","","","","Y","","","20/02/2018"
311003,15395683,"PSC","Yuzhnyy","13/02/2018","","","","Y","","","20/02/2018"
4084315,15395685,"PSC","Chornomorsk","13/02/2018","","","","Y","","","20/02/2018"
11145105,15395687,"PSC","Chornomorsk","13/02/2018","","","","N","","","20/02/2018"
358122,15395688,"PSC","Nikolayev","13/02/2018","","","","N","","","20/02/2018"
55671,15395689,"PSC","Nikolayev","13/02/2018","","","","Y","","","20/02/2018"
10526765,15395691,"PSC","Novorossiysk","13/02/2018","","","","N","","","20/02/2018"
399611,15395692,"PSC","Novorossiysk","13/02/2018","","","","N","","","20/02/2018"
349905,15395693,"PSC","Novorossiysk","13/02/2018","","","","Y","","","20/02/2018"
125043,15395695,"PSC","Chornomorsk","12/02/2018","","","","Y","","","20/02/2018"
363467,15395696,"PSC","Chornomorsk","12/02/2018","","","","N","","","20/02/2018"
12235565,15395697,"PSC","Chornomorsk","12/02/2018","","","","Y","","","20/02/2018"
362371,15395698,"PSC","Yuzhnyy","12/02/2018","","","","Y","","","20/02/2018"
741799,15395699,"PSC","Yuzhnyy","12/02/2018","","","","N","","","20/02/2018"
8879157,15395700,"PSC","Odessa","12/02/2018","","","","Y","","","20/02/2018"
341068,15395701,"PSC","Trabzon","12/02/2018","","","","N","","","20/02/2018"
11025365,15395702,"PSC","Taman","12/02/2018","","","","Y","","","20/02/2018"
303570,15395703,"PSC","Unye","12/02/2018","","","","N","","","20/02/2018"
343354,15395705,"PSC","Nikolayev","12/02/2018","","","","N","","","20/02/2018"
12223044,15395708,"PSC","Novorossiysk","11/02/2018","","","","Y","","","20/02/2018"
349468,15395712,"PSC","Yuzhnyy","09/02/2018","","","","N","","","20/02/2018"
10528531,15395713,"PSC","Novorossiysk","09/02/2018","","","","Y","","","20/02/2018"
11848511,15395716,"PSC","Liverpool","17/02/2018","","","","Y","N","","21/02/2018"
12237687,15395717,"PSC","Barcelona","16/02/2018","","","","N","N","","21/02/2018"
10308905,15395718,"PSC","Murmansk","16/02/2018","","","","Y","N","","21/02/2018"
756852,15395720,"PSC","Antwerp","17/02/2018","","","","Y","N","","21/02/2018"
310078,15395725,"PSC","Immingham","18/02/2018","","","","N","N","","21/02/2018"
755535,15395726,"PSC","Immingham","18/02/2018","","","","Y","N","","21/02/2018"
163246,15395728,"PSC","Valletta","18/02/2018","","","","N","N","","21/02/2018"
10997537,15395729,"PSC","Aaheim","19/02/2018","","","","N","N","","21/02/2018"
260651,15395730,"PSC","Zeebrugge","19/02/2018","","","","N","N","","21/02/2018"
377964,15395731,"PSC","Eleusis","13/02/2018","","","","N","N","","21/02/2018"
6014747,15395732,"PSC","Vasto","20/02/2018","","","","N","N","","21/02/2018"
355930,15395733,"PSC","Gothenburg","19/02/2018","","","","N","N","","21/02/2018"
10306355,15395734,"PSC","Ghent","19/02/2018","","","","Y","N","","21/02/2018"
150041,15395735,"PSC","Marsaxlokk","19/02/2018","","","","Y","N","","21/02/2018"
11005308,15395741,"PSC","Swinoujscie","19/02/2018","","","","Y","N","","21/02/2018"
323335,15395744,"PSC","Hamburg","15/02/2018","","","","Y","Y","","21/02/2018"
140221,15395747,"PSC","Setubal","19/02/2018","","","","Y","N","","21/02/2018"
351116,15395750,"PSC","Trieste","19/02/2018","","","","Y","N","","21/02/2018"
11744854,15395751,"PSC","Gibraltar","19/02/2018","","","","Y","N","","21/02/2018"
9762091,15395752,"PSC","Setubal","19/02/2018","","","","N","N","","21/02/2018"
396843,15395753,"PSC","Setubal","19/02/2018","","","","N","N","","21/02/2018"
279311,15395755,"PSC","Tarragona","19/02/2018","","","","Y","N","","21/02/2018"
12252314,15395756,"PSC","Saint Nicolas","20/02/2018","","","","N","N","","21/02/2018"
12697918,15395757,"PSC","Oristano","19/02/2018","","","","Y","N","","21/02/2018"
285740,15395758,"PSC","Bilbao","19/02/2018","","","","N","N","","21/02/2018"
625156,15395762,"PSC","Huelva","20/02/2018","","","","N","N","","21/02/2018"
11888273,15395764,"PSC","Le Havre","20/02/2018","","","","N","N","","21/02/2018"
2057,15395765,"PSC","Fredericia","20/02/2018","","","","Y","N","","21/02/2018"
9762567,15395766,"PSC","Swinoujscie","20/02/2018","","","","N","N","","21/02/2018"
232517,15395767,"PSC","Calais","20/02/2018","","","","N","N","","21/02/2018"
276224,15395768,"PSC","La Nouvelle","20/02/2018","","","","N","N","","21/02/2018"
12194612,15395769,"PSC","Venice","20/02/2018","","","","N","N","","21/02/2018"
12593107,15395770,"PSC","Nantes","20/02/2018","","","","N","N","","21/02/2018"
11139244,15395771,"PSC","Rouen","20/02/2018","","","","Y","N","","21/02/2018"
349534,15395772,"PSC","Dunkirk","19/02/2018","","","","Y","N","","21/02/2018"
11004382,15395773,"PSC","Rouen","20/02/2018","","","","N","N","","21/02/2018"
287690,15395777,"PSC","Dublin","20/02/2018","","","","N","N","","21/02/2018"
600987,15395780,"PSC","Rijeka","20/02/2018","","","","N","N","","21/02/2018"
12504402,15395781,"PSC","Vancouver(CAN)","13/02/2018","","","","Y","N","","21/02/2018"
756472,15395782,"PSC","Sydney(NS)","14/02/2018","","","","N","N","","21/02/2018"
10996632,15395783,"PSC","Tarragona","20/02/2018","","","","N","N","","21/02/2018"
383650,15395785,"PSC","Gibraltar","20/02/2018","","","","N","N","","21/02/2018"
12107801,15395787,"PSC","St. Petersburg","20/02/2018","","","","Y","N","","21/02/2018"
482384,15395789,"PSC","Vancouver(CAN)","14/02/2018","","","","Y","N","","21/02/2018"
11719992,15395790,"PSC","Saint John(CAN)","15/02/2018","","","","N","N","","21/02/2018"
756572,15395792,"PSC","Newcastle(AUS)","20/02/2018","","","","Y","N","","21/02/2018"
288343,15395793,"PSC","Brisbane","20/02/2018","","","","Y","N","","21/02/2018"
344647,15395796,"PSC","Hay Point","20/02/2018","","","","Y","N","","21/02/2018"
4084574,15395797,"PSC","Hay Point","20/02/2018","","","","N","N","","21/02/2018"
11696726,15395799,"PSC","Fremantle","20/02/2018","","","","N","N","","21/02/2018"
744017,15395800,"PSC","Sydney","20/02/2018","","","","Y","N","","21/02/2018"
738563,15395802,"PSC","Gladstone","20/02/2018","","","","N","N","","21/02/2018"
12241549,15395803,"PSC","Sydney","20/02/2018","","","","N","N","","21/02/2018"
741927,15395804,"PSC","Port Hedland","19/02/2018","","","","Y","N","","21/02/2018"
351902,15395805,"PSC","Albany(AUS)","19/02/2018","","","","N","N","","21/02/2018"
12244444,15395807,"PSC","Newcastle(AUS)","20/02/2018","","","","N","N","","21/02/2018"
291876,15395808,"PSC","Newcastle(AUS)","20/02/2018","","","","Y","N","","21/02/2018"
12256762,15395809,"PSC","Port Hedland","20/02/2018","","","","Y","N","","21/02/2018"
12574792,15395810,"PSC","Brisbane","20/02/2018","","","","N","N","","21/02/2018"
351708,15395811,"PSC","Fremantle","19/02/2018","","","","Y","N","","21/02/2018"
610864,15395813,"PSC","Fremantle","20/02/2018","","","","N","N","","21/02/2018"
6537314,15395814,"PSC","Fremantle","19/02/2018","","19/02/2018","","Y","Y","","21/02/2018"
846447,15395815,"PSC","Gladstone","20/02/2018","","","","N","N","","21/02/2018"
392618,15395828,"PSC","Mombasa","12/02/2018","","","","N","N","","22/02/2018"
124274,15395831,"PSC","Koromacno","06/04/2017","","","","Y","N","","22/02/2018"
366484,15395835,"PSC","Antwerp","20/02/2018","","","","N","N","","22/02/2018"
11969361,15395837,"PSC","Corunna","20/02/2018","","","","Y","N","","22/02/2018"
7863939,15395838,"PSC","Gdynia","20/02/2018","","","","Y","N","","22/02/2018"
210706,15395841,"PSC","Landskrona","19/02/2018","","","","Y","N","","22/02/2018"
173143,15395844,"PSC","Varna","20/02/2018","","","","Y","N","","22/02/2018"
279430,15395846,"PSC","Zeebrugge","20/02/2018","","","","N","N","","22/02/2018"
260661,15395855,"PSC","Preveza","13/02/2018","","","","Y","N","","22/02/2018"
12253515,15395856,"PSC","Hamburg","21/02/2018","","","","Y","N","","22/02/2018"
277668,15395858,"PSC","Zeebrugge","21/02/2018","","","","N","N","","22/02/2018"
232221,15395864,"PSC","Helsinki","21/02/2018","","","","N","N","","22/02/2018"
726508,15395866,"PSC","Swinoujscie","21/02/2018","","","","N","N","","22/02/2018"
352404,15395867,"PSC","Dover","16/02/2018","","","","N","N","","22/02/2018"
1073057,15395870,"PSC","Moneypoint","21/02/2018","","","","Y","N","","22/02/2018"
361650,15395871,"PSC","Omisalj","21/02/2018","","","","N","N","","22/02/2018"
297869,15395873,"PSC","Dublin","21/02/2018","","","","Y","N","","22/02/2018"
481366,15395875,"PSC","Brest","21/02/2018","","","","N","N","","22/02/2018"
10457520,15395877,"PSC","Vancouver(CAN)","16/02/2018","","","","N","N","","22/02/2018"
625307,15395879,"PSC","Rotterdam","15/02/2018","","","","Y","N","","22/02/2018"
277206,15395880,"PSC","Rotterdam","15/02/2018","","","","N","N","","22/02/2018"
352044,15395881,"PSC","Riga","20/02/2018","","","","Y","N","","22/02/2018"
124274,15395883,"PSC","Koromacno","07/02/2018","","","","Y","N","","22/02/2018"
347977,15395884,"PSC","Huelva","20/02/2018","","","","Y","N","","22/02/2018"
271771,15395885,"PSC","Wilhelmshaven","20/02/2018","","","","Y","N","","22/02/2018"
264753,15395888,"PSC","Patras","19/02/2018","","","","Y","N","","22/02/2018"
12331107,15395894,"PSC","Hamburg","19/02/2018","","","","N","N","","22/02/2018"
10013748,15395896,"PSC","Gladstone","21/02/2018","","","","Y","N","","22/02/2018"
11958070,15395897,"PSC","Gladstone","21/02/2018","","","","N","N","","22/02/2018"
303690,15395899,"PSC","Geraldton","20/02/2018","","","","Y","N","","22/02/2018"
303690,15395901,"PSC","Geraldton","21/02/2018","","","","Y","N","","22/02/2018"
2773029,15395902,"PSC","Port Walcott","21/02/2018","","","","N","N","","22/02/2018"
252261,15395903,"PSC","Darwin","21/02/2018","","","","Y","N","","22/02/2018"
11230308,15395904,"PSC","Fremantle","20/02/2018","","","","N","N","","22/02/2018"
3352507,15395905,"PSC","Brisbane","21/02/2018","","","","N","N","","22/02/2018"
733128,15395907,"PSC","Fremantle","21/02/2018","","","","N","N","","22/02/2018"
763603,15395908,"PSC","Hay Point","21/02/2018","","","","Y","N","","22/02/2018"
302910,15395909,"PSC","Paramaribo","13/02/2018","","","","N","N","","22/02/2018"
10998258,15395913,"PSC","Belize City","14/02/2018","","","","N","N","","22/02/2018"
